algorithm,backend,iteration,problem_size,threads,source_path,runtime_sec,perf_duration_sec,task_clock_sec,cpus_utilized,sim_seconds,host_seconds,host_tick_rate,host_memory_bytes,clock_ghz,cycles,cycles_sum,cycles_max,instructions,instructions_not_nop,ops,ipc,ipc_wall,cpi,core_ipc_mean,core_ipc_min,core_ipc_max,user_time_sec,system_time_sec,branches,branch_misses,branch_miss_rate,branch_predicted,branch_mispredicted,btb_lookups,btb_hits,btb_misses,btb_hit_rate,l1d_accesses,l1d_reads,l1d_writes,l1d_misses,l1d_read_misses,l1d_write_misses,l1d_miss_rate,l1i_accesses,l1i_misses,l1i_miss_rate,l2d_accesses,l2d_reads,l2d_writes,l2d_misses,l2d_miss_rate,l2_accesses_total,l2_misses_total,l2_miss_rate_total,l1d_tlb_accesses,l1d_tlb_misses,l1d_tlb_miss_rate,l1i_tlb_accesses,l1i_tlb_misses,l1i_tlb_miss_rate,l2d_tlb_accesses,l2d_tlb_misses,l2d_tlb_miss_rate,mem_accesses,mem_reads,mem_writes,load_insts,store_insts,vec_insts,fp_insts,int_insts,issue_rate,fu_busy,fu_busy_rate,iq_full_events,lsq_full_events,rob_full_events,sq_full_events,dcache_blocked_no_mshrs_cycles,icache_stall_cycles
FFT,gem5,i1,128,1,binaries/FFT/stats/gem5/i1/128/t1,0.000419,,,,0.000419,2.12,198099544.0,8774972.0,2.3980815347721824,1004856.0,1004856.0,1004856.0,1113481.0,1113283.0,1370065.0,1.1081000660791198,1.1081000660791198,0.9024455738355661,1.1081,1.1081,1.1081,,,226596.0,6027.0,0.026597998199438647,149902.0,6027.0,253320.0,145028.0,108292.0,0.5725090794252329,452407.0,247334.0,205064.0,36690.0,11521.0,25160.0,0.0810995409001187,254255.0,2436.0,0.00958093252836719,9241.0,,,4104.0,0.44410778054323125,11327.0,6113.0,0.5396839410258674,0.0,0.0,,0.0,0.0,,0.0,0.0,,456904.0,251792.0,205112.0,251792.0,205112.0,76562.0,0.0,1249170.0,1.463463421624591,19085.0,0.013082715528912561,242.0,2617.0,6348.0,57147.0,51667.0,42919.0
FFT,gem5,i1,128,2,binaries/FFT/stats/gem5/i1/128/t2,0.000496,,,,0.000496,3.29,150848236.0,8781580.0,2.3980815347721824,1448178.0,1448178.0,1189801.0,1983906.0,1983473.0,2270329.0,1.36993242543389,1.6674267377485814,0.7299630123604647,1.8942745,1.079028,2.709521,,,494320.0,7123.0,0.014409694125262988,311172.0,7123.0,554215.0,304233.0,249982.0,0.548944001876528,643988.0,410990.0,232986.0,43127.0,14830.0,28286.0,0.06696863916718945,322445.0,2864.0,0.00888213493774132,10508.0,,,4879.0,0.4643129044537495,12951.0,7207.0,0.5564821249324376,0.0,0.0,,0.0,0.0,,0.0,0.0,,640104.0,405600.0,234504.0,405600.0,234504.0,87693.0,0.0,1895624.0,1.7067687811857382,35746.0,0.01459302142821859,415.0,2613.0,10373.0,58072.0,51796.0,54731.0
FFT,gem5,i1,128,3,binaries/FFT/stats/gem5/i1/128/t3,0.000512,,,,0.000512,4.21,121446346.0,8787160.0,2.3980815347721824,1743066.0,1743066.0,1226959.0,2762767.0,2762247.0,3062000.0,1.5850042396558708,2.2517190875978743,0.6309131388930012,2.1868296666666667,1.104213,2.753063,,,742281.0,7610.0,0.010252182125098177,441068.0,7610.0,808008.0,432473.0,375535.0,0.5352335620439401,796215.0,548992.0,247208.0,47013.0,17236.0,29763.0,0.059045609540136774,345138.0,2981.0,0.008637124860200848,11335.0,,,5498.0,0.4850463167181297,13865.0,7911.0,0.5705733862243058,0.0,0.0,,0.0,0.0,,0.0,0.0,,792834.0,544052.0,248782.0,544052.0,248782.0,92986.0,0.0,2447593.0,1.8815013315617424,37117.0,0.01139953151263924,559.0,2614.0,11616.0,58562.0,53191.0,57884.0
FFT,gem5,i1,128,4,binaries/FFT/stats/gem5/i1/128/t4,0.000508,,,,0.000508,5.03,101122228.0,8792744.0,2.3980815347721824,1999664.0,1999664.0,1219118.0,3463377.0,3462778.0,3760173.0,1.7319794725513886,2.840887428452373,0.5773740485081468,2.318601,1.09539,2.736,,,976601.0,7785.0,0.007971525730569598,558133.0,7785.0,1045571.0,553204.0,492367.0,0.529092715846174,904554.0,661584.0,242952.0,48929.0,18680.0,30232.0,0.05409185079055535,346580.0,3088.0,0.008909919787639218,11414.0,,,5736.0,0.5025407394427895,14036.0,8241.0,0.5871330863493873,0.0,0.0,,0.0,0.0,,0.0,0.0,,898198.0,653605.0,244593.0,653605.0,244593.0,97981.0,0.0,2904308.0,1.9911360108498228,37506.0,0.009477494551312422,637.0,2853.0,12516.0,58563.0,52281.0,61007.0
FFT,gem5,i1,256,1,binaries/FFT/stats/gem5/i1/256/t1,0.000429,,,,0.000429,2.16,198286894.0,8774972.0,2.3980815347721824,1029130.0,1029130.0,1029130.0,1155020.0,1154832.0,1415411.0,1.1223266254020385,1.1223266254020385,0.8910062163425742,1.122327,1.122327,1.122327,,,226905.0,6053.0,0.02667636235428924,150108.0,6053.0,253523.0,145239.0,108284.0,0.5728829336983232,463600.0,252552.0,211039.0,36832.0,11422.0,25401.0,0.07944779982743745,257270.0,2445.0,0.009503634314144672,9263.0,,,4192.0,0.45255316851991795,11362.0,6211.0,0.5466467171272663,0.0,0.0,,0.0,0.0,,0.0,0.0,,468224.0,257137.0,211087.0,257137.0,211087.0,117299.0,0.0,1264662.0,1.4731472214394683,19152.0,0.012731841569941367,255.0,3508.0,6362.0,54938.0,51601.0,43001.0
FFT,gem5,i1,256,2,binaries/FFT/stats/gem5/i1/256/t2,0.000503,,,,0.000503,3.37,149176208.0,8780556.0,2.3980815347721824,1473610.0,1473610.0,1206136.0,2024177.0,2023765.0,2314327.0,1.3736178500417342,1.6782328029343292,0.7280045173915127,1.884848,1.082265,2.687431,,,494233.0,7098.0,0.014361647239257596,311061.0,7098.0,553925.0,304217.0,249708.0,0.5492025093649863,654931.0,416055.0,238864.0,44529.0,14793.0,29725.0,0.06799036845102767,325732.0,2880.0,0.008841624402883353,10639.0,,,5272.0,0.49553529467055174,13100.0,7613.0,0.5811450381679389,0.0,0.0,,0.0,0.0,,0.0,0.0,,651093.0,410711.0,240382.0,410711.0,240382.0,128432.0,0.0,1910114.0,1.7081778761001893,42748.0,0.017133432598331465,393.0,3502.0,10366.0,55619.0,53199.0,55062.0
FFT,gem5,i1,256,3,binaries/FFT/stats/gem5/i1/256/t3,0.000518,,,,0.000518,4.3,120495984.0,8787160.0,2.3980815347721824,1775277.0,1775277.0,1242174.0,2813701.0,2813214.0,3116721.0,1.5849363226133162,2.2651424035602097,0.6309401745245853,2.1714263333333332,1.104301,2.730172,,,745684.0,7601.0,0.010193325859211141,442695.0,7601.0,810992.0,434064.0,376928.0,0.5352259948310217,808920.0,555770.0,253135.0,49053.0,17301.0,31738.0,0.06064011274291648,351223.0,3011.0,0.008572900977441683,11534.0,,,6054.0,0.5248829547425005,14098.0,8497.0,0.6027096041991772,0.0,0.0,,0.0,0.0,,0.0,0.0,,805655.0,550946.0,254709.0,550946.0,254709.0,133744.0,0.0,2469366.0,1.880077869538106,44475.0,0.01341982368207374,575.0,3526.0,11652.0,56559.0,56630.0,58641.0
FFT,gem5,i1,256,4,binaries/FFT/stats/gem5/i1/256/t4,0.000513,,,,0.000513,5.07,101177541.0,8791720.0,2.3980815347721824,2027490.0,2027490.0,1230408.0,3502145.0,3501587.0,3802727.0,1.727330344416002,2.846328209829585,0.5789280569479561,2.30133675,1.095029,2.720097,,,975958.0,7735.0,0.007925545976363737,557450.0,7735.0,1044207.0,552594.0,491613.0,0.5291996701803378,914936.0,666073.0,248845.0,51006.0,18613.0,32377.0,0.05574816162004774,349077.0,3111.0,0.00891207384044208,11724.0,,,6291.0,0.5365916069600819,14382.0,8828.0,0.6138228340981783,0.0,0.0,,0.0,0.0,,0.0,0.0,,908940.0,658457.0,250483.0,658457.0,250483.0,138760.0,0.0,2917907.0,1.9850766218329068,44333.0,0.011081380017122111,652.0,3871.0,12473.0,56481.0,56145.0,62594.0
FFT,gem5,i1,512,1,binaries/FFT/stats/gem5/i1/512/t1,0.000449,,,,0.000449,2.34,191783320.0,8773944.0,2.3980815347721824,1076984.0,1076984.0,1076984.0,1271399.0,1271201.0,1550541.0,1.1805180021244512,1.1805180021244512,0.8470857692982298,1.180518,1.180518,1.180518,,,228395.0,6075.0,0.02659865583747455,150977.0,6075.0,255166.0,147670.0,107496.0,0.5787213029949131,512396.0,276227.0,236160.0,37485.0,11615.0,25861.0,0.07315630879241837,265351.0,2468.0,0.009300888257440146,9478.0,,,4321.0,0.45589786874868116,11600.0,6363.0,0.5485344827586207,0.0,0.0,,0.0,0.0,,0.0,0.0,,517397.0,281189.0,236208.0,281189.0,236208.0,227156.0,0.0,1332031.0,1.5373106749961003,16345.0,0.009943181818181818,245.0,4421.0,6538.0,59262.0,56923.0,43858.0
FFT,gem5,i1,512,2,binaries/FFT/stats/gem5/i1/512/t2,0.000516,,,,0.000516,3.62,142561030.0,8781576.0,2.3980815347721824,1532782.0,1532782.0,1238363.0,2148806.0,2148375.0,2457746.0,1.4018992916148545,1.735198806811896,0.713318000787414,1.874831,1.106881,2.642781,,,498530.0,7171.0,0.014384289812047419,313459.0,7171.0,558769.0,308250.0,250519.0,0.551659093471542,705891.0,441857.0,264022.0,48818.0,15667.0,33139.0,0.06915798614800302,334830.0,2934.0,0.008762655676014693,11441.0,,,6051.0,0.5288873350231623,13951.0,8443.0,0.6051895921439323,0.0,0.0,,0.0,0.0,,0.0,0.0,,701756.0,436214.0,265542.0,436214.0,265542.0,238290.0,0.0,1983010.0,1.7398475451825504,46690.0,0.017656840125235364,427.0,4402.0,10931.0,62546.0,58622.0,57174.0
FFT,gem5,i1,512,3,binaries/FFT/stats/gem5/i1/512/t3,0.000529,,,,0.000529,4.55,116215416.0,8788184.0,2.3980815347721824,1843707.0,1843707.0,1268192.0,2951233.0,2950716.0,3273083.0,1.6007060774841122,2.3271184489414853,0.6247243101442685,2.142881666666667,1.123388,2.67619,,,754377.0,7646.0,0.010135515796478419,447192.0,7646.0,820256.0,440255.0,380001.0,0.5367287773573128,862151.0,583830.0,278306.0,54747.0,18452.0,36281.0,0.06350047729458065,363819.0,3083.0,0.00847399393654537,12652.0,,,7148.0,0.5649699652228897,15286.0,9661.0,0.6320162239958131,0.0,0.0,,0.0,0.0,,0.0,0.0,,858556.0,578674.0,279882.0,578674.0,279882.0,243599.0,0.0,2550842.0,1.8992003610118093,48786.0,0.01402785788922518,559.0,4408.0,12253.0,63001.0,64440.0,61730.0
FFT,gem5,i1,512,4,binaries/FFT/stats/gem5/i1/512/t4,0.000523,,,,0.000523,5.36,97556867.0,8793772.0,2.3980815347721824,2103274.0,2103274.0,1254617.0,3647131.0,3646533.0,3966763.0,1.7340256191062124,2.9069676243825806,0.5766927483548028,2.27470425,1.104449,2.679312,,,986996.0,7767.0,0.00786933280378036,562983.0,7767.0,1055282.0,558290.0,496992.0,0.5290434215688319,969065.0,694798.0,274249.0,57164.0,19860.0,37287.0,0.05898881911946051,358516.0,3224.0,0.008992625154804807,12908.0,,,7424.0,0.575147195537651,15660.0,10054.0,0.6420178799489145,0.0,0.0,,0.0,0.0,,0.0,0.0,,963222.0,687333.0,275889.0,687333.0,275889.0,248618.0,0.0,3004642.0,1.9946906584686541,49240.0,0.01180471963431261,706.0,4787.0,13054.0,63171.0,63713.0,65917.0
FFT,gem5,i1,1024,1,binaries/FFT/stats/gem5/i1/1024/t1,0.000493,,,,0.000493,2.83,174593151.0,8773944.0,2.3980815347721824,1183247.0,1183247.0,1183247.0,1551882.0,1551685.0,1892350.0,1.3115452648517174,1.3115452648517174,0.762459388020481,1.311545,1.311545,1.311545,,,222751.0,5950.0,0.026711440128214914,146423.0,5950.0,248318.0,144563.0,103755.0,0.5821688319010301,665926.0,350522.0,315395.0,38585.0,11780.0,26796.0,0.057941873421371144,278698.0,2510.0,0.00900616437864642,9771.0,,,4576.0,0.4683246341213796,11934.0,6658.0,0.5579017931959108,0.0,0.0,,0.0,0.0,,0.0,0.0,,673884.0,358441.0,315443.0,358441.0,315443.0,528021.0,0.0,1526359.0,1.6928806918589272,32188.0,0.016161433581619308,265.0,3769.0,6686.0,61435.0,63138.0,44661.0
FFT,gem5,i1,1024,2,binaries/FFT/stats/gem5/i1/1024/t2,0.000532,,,,0.000532,4.07,130819944.0,8781580.0,2.3980815347721824,1638151.0,1638151.0,1276154.0,2396119.0,2395692.0,2760151.0,1.4626972727178387,1.8776095988415191,0.6836684655478297,1.861713,1.146684,2.576742,,,485787.0,6891.0,0.014185229328903409,303734.0,6891.0,543798.0,300768.0,243030.0,0.5530877274281994,843514.0,506505.0,336997.0,56424.0,16432.0,39980.0,0.06689159871679663,340998.0,3027.0,0.008876884908415886,12848.0,,,7528.0,0.5859277708592777,15444.0,10002.0,0.6476301476301476,0.0,0.0,,0.0,0.0,,0.0,0.0,,842033.0,503516.0,338517.0,503516.0,338517.0,539016.0,0.0,2141034.0,1.8193267897770107,52405.0,0.017713404184696673,420.0,3919.0,11846.0,67205.0,70118.0,59158.0
FFT,gem5,i1,1024,3,binaries/FFT/stats/gem5/i1/1024/t3,0.000533,,,,0.000533,5.12,104184247.0,8789212.0,2.3980815347721824,1955518.0,1955518.0,1279072.0,3181834.0,3181323.0,3555070.0,1.627105452366074,2.4876113307147683,0.6145883160466574,2.0866433333333334,1.131612,2.597441,,,739156.0,7305.0,0.009882893462273187,434441.0,7305.0,802266.0,431089.0,371177.0,0.5373392366122957,989786.0,643003.0,346768.0,65782.0,19968.0,45800.0,0.06646083092708929,368004.0,3221.0,0.008752622254105934,14717.0,,,9364.0,0.6362709791397704,17481.0,12005.0,0.6867456095189063,0.0,0.0,,0.0,0.0,,0.0,0.0,,987575.0,639231.0,348344.0,639231.0,348344.0,544231.0,0.0,2687028.0,1.942070592037506,54500.0,0.014438658089662212,603.0,3837.0,13714.0,69191.0,77083.0,64807.0
FFT,gem5,i1,1024,4,binaries/FFT/stats/gem5/i1/1024/t4,0.000527,,,,0.000527,5.92,88886457.0,8794796.0,2.3980815347721824,2225401.0,2225401.0,1262953.0,3881998.0,3881406.0,4256992.0,1.7444038175591725,3.073747004045281,0.5732617585068308,2.2075625,1.113627,2.58472,,,970128.0,7470.0,0.0077000148434021075,551025.0,7470.0,1035937.0,548485.0,487452.0,0.5294578724381888,1105298.0,757802.0,347478.0,68311.0,21193.0,47101.0,0.06180324220255533,365696.0,3406.0,0.009313746937346868,14923.0,,,9520.0,0.6379414326877973,17851.0,12323.0,0.690325471962355,0.0,0.0,,0.0,0.0,,0.0,0.0,,1101774.0,752660.0,349114.0,752660.0,349114.0,549314.0,0.0,3154586.0,2.022329458825623,55717.0,0.012445973146791538,733.0,3862.0,14357.0,68205.0,75507.0,70713.0
FFT,gem5,i1,2048,1,binaries/FFT/stats/gem5/i1/2048/t1,0.000604,,,,0.000604,4.13,146375205.0,8775992.0,2.3980815347721824,1448623.0,1448623.0,1448623.0,2246653.0,2246456.0,2750283.0,1.5508886715177104,1.5508886715177104,0.6447916077827773,1.550889,1.550889,1.550889,,,225581.0,5932.0,0.026296540932082047,148040.0,5932.0,251039.0,146321.0,104718.0,0.5828616270778644,1103599.0,550216.0,553374.0,45766.0,15520.0,30237.0,0.041469772988195895,323650.0,2583.0,0.007980843503784953,13559.0,,,5103.0,0.37635518843572535,15799.0,7259.0,0.4594594594594595,0.0,0.0,,0.0,0.0,,0.0,0.0,,1115688.0,562266.0,553422.0,562266.0,553422.0,1244192.0,0.0,2072730.0,1.9871105180574933,67144.0,0.023421554848834625,345.0,6818.0,7289.0,60148.0,77375.0,46462.0
FFT,gem5,i1,2048,2,binaries/FFT/stats/gem5/i1/2048/t2,0.000596,,,,0.000596,5.56,107141408.0,8783628.0,2.3980815347721824,1932588.0,1932588.0,1429782.0,3100046.0,3099620.0,3627202.0,1.6040904734997836,2.1681948716657504,0.6234062333268603,1.904799,1.277872,2.531726,,,491678.0,6858.0,0.013948153059522695,307101.0,6858.0,550095.0,304356.0,245739.0,0.5532789790854307,1281063.0,706110.0,574941.0,67794.0,20803.0,46979.0,0.052920113999077326,387470.0,3193.0,0.008240637984876249,17622.0,,,10576.0,0.6001588922937238,20375.0,13198.0,0.6477546012269939,0.0,0.0,,0.0,0.0,,0.0,0.0,,1285390.0,708929.0,576461.0,708929.0,576461.0,1255165.0,0.0,2693508.0,2.006432307351593,95713.0,0.024825480088622967,498.0,9043.0,14317.0,68150.0,93206.0,63282.0
FFT,gem5,i1,2048,3,binaries/FFT/stats/gem5/i1/2048/t3,0.000581,,,,0.000581,6.77,85916245.0,8789212.0,2.3980815347721824,2277953.0,2277953.0,1394161.0,3901565.0,3901054.0,4437887.0,1.7127504386613772,2.7985039030642804,0.5838562217981759,2.0677106666666667,1.218697,2.518748,,,750389.0,7240.0,0.009648329066657427,440233.0,7240.0,813253.0,437069.0,376184.0,0.537433000554563,1429371.0,844703.0,584653.0,75792.0,23861.0,51917.0,0.0530247220630613,418207.0,3450.0,0.008249503236435545,19344.0,,,12951.0,0.6695099255583127,22324.0,15795.0,0.7075344920265185,0.0,0.0,,0.0,0.0,,0.0,0.0,,1433564.0,847335.0,586229.0,847335.0,586229.0,1260360.0,0.0,3249943.0,2.068378495956677,98658.0,0.021041684750952985,652.0,9448.0,16240.0,72489.0,106737.0,70557.0
FFT,gem5,i1,2048,4,binaries/FFT/stats/gem5/i1/2048/t4,0.000567,,,,0.000567,7.57,74886723.0,8796840.0,2.3980815347721824,2573058.0,2573058.0,1359256.0,4600147.0,4599555.0,5138225.0,1.7878131779384685,3.384312447397694,0.559342560139926,2.14799525,1.177306,2.490778,,,980775.0,7430.0,0.007575641711911499,556502.0,7430.0,1046257.0,554127.0,492130.0,0.5296279977099317,1545035.0,959645.0,585372.0,80503.0,26027.0,54459.0,0.05210432126133065,412595.0,3714.0,0.009001563276336359,20311.0,,,13867.0,0.682733494165723,23529.0,16956.0,0.7206426112456968,0.0,0.0,,0.0,0.0,,0.0,0.0,,1547444.0,960436.0,587008.0,960436.0,587008.0,1265423.0,0.0,3716473.0,2.1060741732211246,100920.0,0.01870477409147843,857.0,14578.0,17441.0,72528.0,115208.0,78803.0
FFT,gem5,i1,4096,1,binaries/FFT/stats/gem5/i1/4096/t1,0.000904,,,,0.000904,7.87,114892775.0,8777020.0,2.3980815347721824,2167641.0,2167641.0,2167641.0,4058406.0,4058208.0,4914036.0,1.8722685167885273,1.8722685167885273,0.5341114220706357,1.872269,1.872269,1.872269,,,231778.0,5901.0,0.025459707133550207,151928.0,5901.0,257111.0,150148.0,106963.0,0.5839812376755564,2305914.0,1149735.0,1156170.0,96125.0,43509.0,52607.0,0.04168629012183455,439982.0,2819.0,0.006407080289648213,47180.0,,,6273.0,0.13295888088172955,49647.0,8664.0,0.17451205510907003,0.0,0.0,,0.0,0.0,,0.0,0.0,,2333410.0,1177192.0,1156218.0,1177192.0,1156218.0,2978325.0,0.0,3564540.0,2.3854646595077322,195262.0,0.037845785527498094,563.0,4445.0,14252.0,97666.0,101301.0,53171.0
FFT,gem5,i1,4096,2,binaries/FFT/stats/gem5/i1/4096/t2,0.000769,,,,0.000769,9.59,80199454.0,8786696.0,2.3980815347721824,2721635.0,2721635.0,1844375.0,4936580.0,4936154.0,5816235.0,1.8138288198086812,2.676559810233819,0.5513199421461822,1.9863684999999998,1.500811,2.471926,,,505671.0,6828.0,0.013502850667726645,315061.0,6828.0,564532.0,312255.0,252277.0,0.5531218779449172,2489728.0,1311460.0,1178256.0,114670.0,52014.0,62644.0,0.0460572399876613,506507.0,3687.0,0.007279267611306458,50187.0,,,17123.0,0.341183971944926,53410.0,20211.0,0.3784122823441303,0.0,0.0,,0.0,0.0,,0.0,0.0,,2508495.0,1328719.0,1179776.0,1328719.0,1179776.0,2989300.0,0.0,4203160.0,2.274977357360557,211460.0,0.03427378507649443,706.0,4026.0,26104.0,106213.0,121824.0,77022.0
FFT,gem5,i1,4096,3,binaries/FFT/stats/gem5/i1/4096/t3,0.000711,,,,0.000711,10.83,65701269.0,8794332.0,2.3980815347721824,3126989.0,3126989.0,1705894.0,5776280.0,5775769.0,6665662.0,1.8472338725847772,3.3860720537149436,0.5413499691843193,2.065602666666667,1.379636,2.430893,,,776612.0,7226.0,0.009304517571193853,454540.0,7226.0,839936.0,451054.0,388882.0,0.5370099626638221,2648925.0,1460326.0,1188584.0,122793.0,54313.0,68465.0,0.046355785837651126,550134.0,4168.0,0.007576335947241945,50394.0,,,21391.0,0.4244751359288804,54072.0,24919.0,0.4608484982985649,0.0,0.0,,0.0,0.0,,0.0,0.0,,2664385.0,1474225.0,1190160.0,1474225.0,1190160.0,2994495.0,0.0,4786483.0,2.2519644296797976,208130.0,0.029653212849317143,858.0,4496.0,25393.0,117561.0,131476.0,91471.0
FFT,gem5,i1,4096,4,binaries/FFT/stats/gem5/i1/4096/t4,0.000671,,,,0.000671,12.18,55075431.0,8801964.0,2.3980815347721824,3450734.0,3450734.0,1608350.0,6456259.0,6455666.0,7346833.0,1.8709813622261235,4.014212702459042,0.5344788677158088,2.09964225,1.306008,2.365797,,,1001279.0,7441.0,0.007431495117744405,567969.0,7441.0,1067557.0,565484.0,502073.0,0.5296991167684724,2758010.0,1569309.0,1188683.0,128283.0,55896.0,72370.0,0.046512884289759644,537272.0,4639.0,0.008634360249557022,51308.0,,,23048.0,0.4492087003975988,55430.0,27031.0,0.4876601118527873,0.0,0.0,,0.0,0.0,,0.0,0.0,,2773792.0,1583473.0,1190319.0,1583473.0,1190319.0,2999564.0,0.0,5239189.0,2.2418129012552113,208254.0,0.02700340683737765,934.0,4885.0,27676.0,114324.0,130368.0,106753.0
FFT,gem5,i1,8192,1,binaries/FFT/stats/gem5/i1/8192/t1,0.001313,,,,0.001313,11.31,116086504.0,8775992.0,2.3980815347721824,3149266.0,3149266.0,3149266.0,6233295.0,6232747.0,7202867.0,1.9792850143493754,1.9792850143493754,0.5052329466197252,1.979285,1.979285,1.979285,,,290510.0,7617.0,0.026219407249320162,197587.0,7617.0,323685.0,191013.0,132672.0,0.5901200240975022,2337194.0,1163797.0,1173388.0,412724.0,178309.0,234406.0,0.17658953428769714,627298.0,2639.0,0.004206931952596692,211060.0,,,8597.0,0.04073249312991566,213330.0,10807.0,0.050658604040688136,0.0,0.0,,0.0,0.0,,0.0,0.0,,2382912.0,1209465.0,1173447.0,1209465.0,1173447.0,4934632.0,0.0,3913066.0,2.545912603127205,615804.0,0.07695108726756436,4309.0,4023.0,40786.0,61090.0,326778.0,48931.0
FFT,gem5,i1,8192,2,binaries/FFT/stats/gem5/i1/8192/t2,0.001028,,,,0.001028,13.49,76147747.0,8783624.0,2.3980815347721824,3759479.0,3759479.0,2464209.0,7230562.0,7229768.0,8233190.0,1.9232883067042001,2.934232445381053,0.5199428481492864,2.046311,1.650652,2.44197,,,593628.0,9091.0,0.015314304581320288,379578.0,9091.0,666346.0,375447.0,290899.0,0.5634415153688924,2555635.0,1350950.0,1204673.0,441060.0,187892.0,253156.0,0.17258333056168038,717899.0,3189.0,0.004442129046007865,213895.0,,,34962.0,0.16345403118352464,216619.0,37555.0,0.17336891039105526,0.0,0.0,,0.0,0.0,,0.0,0.0,,2589474.0,1383251.0,1206223.0,1383251.0,1206223.0,4954080.0,0.0,4652508.0,2.473303614676395,616527.0,0.06650593753893501,6388.0,4066.0,49673.0,69575.0,410939.0,64468.0
FFT,gem5,i1,8192,3,binaries/FFT/stats/gem5/i1/8192/t3,0.000924,,,,0.000924,15.33,60252189.0,8788188.0,2.3980815347721824,4167972.0,4167972.0,2214970.0,8171344.0,8170447.0,9191716.0,1.9605083719372396,3.689144322496467,0.5100717825611062,2.1391233333333335,1.537984,2.450745,,,888081.0,9879.0,0.01112398531215058,533719.0,9879.0,967247.0,531336.0,435911.0,0.54932814472415,2738784.0,1515221.0,1223548.0,450021.0,199168.0,250839.0,0.16431416278173086,778688.0,3356.0,0.004309813429769048,211552.0,,,42117.0,0.1990858039630918,214431.0,44855.0,0.2091815082707258,0.0,0.0,,0.0,0.0,,0.0,0.0,,2772933.0,1547769.0,1225164.0,1547769.0,1225164.0,4967811.0,0.0,5323374.0,2.4781368492878553,690779.0,0.0670752803085246,7860.0,4178.0,49078.0,71635.0,440255.0,70583.0
FFT,gem5,i1,8192,4,binaries/FFT/stats/gem5/i1/8192/t4,0.000855,,,,0.000855,16.25,52609496.0,8795820.0,2.3980815347721824,4467762.0,4467762.0,2050078.0,8874900.0,8873905.0,9899617.0,1.9864307901808556,4.329054796939434,0.5034154751039448,2.1839555,1.474675,2.428456,,,1114632.0,10280.0,0.00922277487098881,647437.0,10280.0,1195780.0,646566.0,549214.0,0.5407064844703875,2853011.0,1626528.0,1226465.0,456258.0,201658.0,254583.0,0.15992157057929324,761330.0,3552.0,0.004665519551311521,212340.0,,,47649.0,0.22439954789488556,215382.0,50546.0,0.23468070683715445,0.0,0.0,,0.0,0.0,,0.0,0.0,,2886472.0,1658317.0,1228155.0,1658317.0,1228155.0,4981470.0,0.0,5798164.0,2.471639715812973,648807.0,0.05892052371861503,8075.0,4526.0,51029.0,75965.0,458038.0,75212.0
FFT,gem5,i2,128,1,binaries/FFT/stats/gem5/i2/128/t1,0.000399,,,,0.000399,2.27,175588244.0,8789308.0,2.3980815347721824,957251.0,957251.0,957251.0,1113481.0,1113283.0,1370065.0,1.1632069331868027,1.1632069331868027,0.8596922623735834,1.163207,1.163207,1.163207,,,226596.0,6031.0,0.026615650761708062,147594.0,6031.0,250418.0,142710.0,107708.0,0.5698871486873947,452844.0,247771.0,205064.0,31520.0,6063.0,25448.0,0.06960454372808296,250155.0,2452.0,0.009801922807859128,7122.0,,,3806.0,0.534400449311991,11623.0,6157.0,0.5297255441796438,0.0,0.0,,0.0,0.0,,0.0,0.0,,456904.0,251792.0,205112.0,251792.0,205112.0,76562.0,0.0,1249170.0,1.521178875759858,17307.0,0.011985598168399489,47.0,4259.0,4888.0,63467.0,53505.0,42602.0
FFT,gem5,i2,128,2,binaries/FFT/stats/gem5/i2/128/t2,0.000465,,,,0.000465,3.54,131308062.0,8795912.0,2.3980815347721824,1347901.0,1347901.0,1115936.0,1902032.0,1901598.0,2188455.0,1.4111066020427316,1.704427494049838,0.7086636817887396,1.911508,1.148483,2.674533,,,467032.0,7125.0,0.015255913941657102,289931.0,7125.0,514444.0,282759.0,231685.0,0.5496399996889846,624862.0,391866.0,232984.0,37788.0,9192.0,28585.0,0.0604741526929146,308490.0,2891.0,0.009371454504197867,8367.0,,,4578.0,0.5471495159555396,13257.0,7247.0,0.5466545975710945,0.0,0.0,,0.0,0.0,,0.0,0.0,,626451.0,391949.0,234502.0,391949.0,234502.0,87693.0,0.0,1841033.0,1.73709048364828,32035.0,0.01380442913826923,213.0,4255.0,8977.0,64380.0,53686.0,53934.0
FFT,gem5,i2,128,3,binaries/FFT/stats/gem5/i2/128/t3,0.000482,,,,0.000482,4.34,111015731.0,8801500.0,2.3980815347721824,1618367.0,1618367.0,1155692.0,2606538.0,2606018.0,2905771.0,1.6105975962189045,2.255391574917885,0.6208875527615557,2.194411,1.172346,2.7325,,,690203.0,7611.0,0.011027190551185666,407512.0,7611.0,743528.0,398644.0,344884.0,0.5361519673771532,764798.0,517575.0,247208.0,41698.0,11627.0,30057.0,0.05452158609201384,331161.0,3011.0,0.009092254220756671,9206.0,,,5196.0,0.5644145122746035,14201.0,7954.0,0.5601014013097669,0.0,0.0,,0.0,0.0,,0.0,0.0,,766794.0,518012.0,248782.0,518012.0,248782.0,92986.0,0.0,2343439.0,1.9003668512766263,33398.0,0.010938235877859095,362.0,4255.0,10240.0,64884.0,55148.0,57221.0
FFT,gem5,i2,128,4,binaries/FFT/stats/gem5/i2/128/t4,0.000478,,,,0.000478,5.17,92520684.0,8807080.0,2.3980815347721824,1851046.0,1851046.0,1146927.0,3238602.0,3238003.0,3535398.0,1.7496064387378811,2.8237211261048,0.5715571101357931,2.31881125,1.163856,2.714658,,,901676.0,7781.0,0.008629485535824398,513036.0,7781.0,958026.0,507848.0,450178.0,0.5300983480615349,861474.0,618504.0,242952.0,43595.0,13048.0,30530.0,0.05060512563350722,332566.0,3123.0,0.009390617200796232,9264.0,,,5437.0,0.5868955094991365,14361.0,8292.0,0.5773971171923961,0.0,0.0,,0.0,0.0,,0.0,0.0,,860735.0,616142.0,244593.0,616142.0,244593.0,97981.0,0.0,2754458.0,2.0031776627917406,33876.0,0.009192575169301206,439.0,4495.0,11182.0,64869.0,54119.0,60410.0
FFT,gem5,i2,256,1,binaries/FFT/stats/gem5/i2/256/t1,0.000407,,,,0.000407,2.35,172991541.0,8789308.0,2.3980815347721824,976957.0,976957.0,976957.0,1155020.0,1154832.0,1415411.0,1.1822628836274267,1.1822628836274267,0.8458355699468407,1.182263,1.182263,1.182263,,,226905.0,6059.0,0.02670280513871444,147793.0,6059.0,250618.0,142932.0,107686.0,0.5703181734751693,464383.0,253335.0,211039.0,32045.0,6324.0,25712.0,0.0690055406851672,253178.0,2468.0,0.009748082376825791,7278.0,,,3894.0,0.5350370981038747,11663.0,6251.0,0.5359684472262711,0.0,0.0,,0.0,0.0,,0.0,0.0,,468224.0,257137.0,211087.0,257137.0,211087.0,117299.0,0.0,1264662.0,1.5361648465592652,17265.0,0.011598317320288222,57.0,4703.0,4928.0,60979.0,54513.0,42766.0
FFT,gem5,i2,256,2,binaries/FFT/stats/gem5/i2/256/t2,0.000471,,,,0.000471,3.47,135821569.0,8795912.0,2.3980815347721824,1370427.0,1370427.0,1128846.0,1946424.0,1946012.0,2236574.0,1.4203047663246564,1.7242599964919927,0.7040742407615196,1.9056825000000002,1.155991,2.655374,,,468317.0,7097.0,0.015154265166543175,290401.0,7097.0,515266.0,283279.0,231987.0,0.5497723505917332,636701.0,397825.0,238864.0,39546.0,9505.0,30030.0,0.062110786695795984,311625.0,2908.0,0.009331728840754111,8628.0,,,4964.0,0.5753361149745017,13419.0,7648.0,0.5699381474029361,0.0,0.0,,0.0,0.0,,0.0,0.0,,638136.0,397754.0,240382.0,397754.0,240382.0,128432.0,0.0,1858280.0,1.743547813929527,38638.0,0.016312341786580968,204.0,4683.0,9036.0,61664.0,57638.0,54401.0
FFT,gem5,i2,256,3,binaries/FFT/stats/gem5/i2/256/t3,0.000486,,,,0.000486,4.55,106888500.0,8801496.0,2.3980815347721824,1648643.0,1648643.0,1165425.0,2668574.0,2668087.0,2971594.0,1.6186487917638932,2.289786129523564,0.6177992440906641,2.1816606666666667,1.176995,2.711783,,,697310.0,7606.0,0.010907630752463036,410870.0,7606.0,749977.0,401994.0,347983.0,0.5360084375920862,779534.0,526384.0,253135.0,44084.0,12012.0,32058.0,0.05655173475435324,338963.0,3042.0,0.008974430837584042,9539.0,,,5750.0,0.6027885522591466,14431.0,8541.0,0.5918508765851292,0.0,0.0,,0.0,0.0,,0.0,0.0,,781469.0,526760.0,254709.0,526760.0,254709.0,133744.0,0.0,2372616.0,1.906150694844184,40460.0,0.012966261441620096,370.0,4721.0,10358.0,62590.0,59555.0,58051.0
FFT,gem5,i2,256,4,binaries/FFT/stats/gem5/i2/256/t4,0.000482,,,,0.000482,5.2,92577300.0,8808104.0,2.3980815347721824,1874014.0,1874014.0,1155295.0,3274802.0,3274244.0,3575384.0,1.747480008153621,2.834602417564345,0.5722526125243602,2.30233925,1.166925,2.703034,,,900177.0,7742.0,0.00860053078450127,511858.0,7742.0,955679.0,506761.0,448918.0,0.5302627765180568,871762.0,622899.0,248845.0,46077.0,13363.0,32698.0,0.052855022357019464,335384.0,3155.0,0.009407127352527252,9733.0,,,5988.0,0.6152265488544129,14732.0,8878.0,0.6026337225088243,0.0,0.0,,0.0,0.0,,0.0,0.0,,871050.0,620567.0,250483.0,620567.0,250483.0,138760.0,0.0,2766345.0,1.9997497350606772,40294.0,0.010817491938694615,451.0,5066.0,11200.0,62502.0,59048.0,61951.0
FFT,gem5,i2,512,1,binaries/FFT/stats/gem5/i2/512/t1,0.000429,,,,0.000429,2.5,172027762.0,8789304.0,2.3980815347721824,1029695.0,1029695.0,1029695.0,1271392.0,1271194.0,1550533.0,1.234726788029465,1.234726788029465,0.8098957677883768,1.234727,1.234727,1.234727,,,228394.0,6081.0,0.02662504268938764,148638.0,6081.0,252240.0,145344.0,106896.0,0.5762131303520457,513243.0,277075.0,236159.0,32508.0,6326.0,26173.0,0.0633384186438003,261211.0,2492.0,0.00954018016086612,7392.0,,,4020.0,0.5438311688311688,11892.0,6406.0,0.5386814665321225,0.0,0.0,,0.0,0.0,,0.0,0.0,,517395.0,281188.0,236207.0,281188.0,236207.0,227156.0,0.0,1332024.0,1.5931125236113606,14472.0,0.008888413922970764,57.0,5401.0,5086.0,63090.0,58795.0,43629.0
FFT,gem5,i2,512,2,binaries/FFT/stats/gem5/i2/512/t2,0.000486,,,,0.000486,3.76,129375735.0,8796936.0,2.3980815347721824,1438616.0,1438616.0,1166592.0,2075585.0,2075154.0,2384525.0,1.4427651298192152,1.7791867250932631,0.6931135077580538,1.8787225,1.177629,2.579816,,,474123.0,7156.0,0.015093129841834292,293510.0,7156.0,521482.0,288019.0,233463.0,0.5523086127613226,688345.0,424311.0,264022.0,45926.0,10011.0,35903.0,0.06671945027566119,321765.0,2964.0,0.00921169176262179,9234.0,,,5539.0,0.599848386398094,14749.0,8941.0,0.6062105905485118,0.0,0.0,,0.0,0.0,,0.0,0.0,,689553.0,424011.0,265542.0,424011.0,265542.0,238290.0,0.0,1934196.0,1.7684107503322637,41924.0,0.016616824911761266,226.0,5382.0,9724.0,68552.0,61635.0,56441.0
FFT,gem5,i2,512,3,binaries/FFT/stats/gem5/i2/512/t3,0.000498,,,,0.000498,4.83,103209483.0,8802520.0,2.3980815347721824,1720959.0,1720959.0,1194753.0,2794993.0,2794476.0,3116843.0,1.6240904054076826,2.339389815300736,0.6157292701627517,2.133153,1.192806,2.603722,,,702297.0,7677.0,0.010931272666692297,413451.0,7677.0,755424.0,406257.0,349167.0,0.5377867263947135,830875.0,552554.0,278306.0,50506.0,12936.0,37556.0,0.060786520234692346,350410.0,3123.0,0.00891241688307982,10482.0,,,6675.0,0.6368059530623926,16156.0,10242.0,0.6339440455558306,0.0,0.0,,0.0,0.0,,0.0,0.0,,832516.0,552634.0,279882.0,552634.0,279882.0,243599.0,0.0,2446682.0,1.9164872608818688,43945.0,0.01341542451751637,360.0,5405.0,10841.0,67923.0,68157.0,61148.0
FFT,gem5,i2,512,4,binaries/FFT/stats/gem5/i2/512/t4,0.000492,,,,0.000492,5.54,88674947.0,8808104.0,2.3980815347721824,1950675.0,1950675.0,1178915.0,3410645.0,3410047.0,3730277.0,1.7484434875107335,2.893037241870703,0.571937272861878,2.2625025,1.174493,2.640884,,,908169.0,7758.0,0.008542462911638692,515692.0,7758.0,963361.0,510777.0,452584.0,0.5302031118137438,924182.0,649915.0,274249.0,52114.0,14500.0,37597.0,0.05638932591199569,344198.0,3265.0,0.009485819208711265,10893.0,,,7100.0,0.6517947305609106,16004.0,10102.0,0.6312171957010747,0.0,0.0,,0.0,0.0,,0.0,0.0,,923809.0,647920.0,275889.0,647920.0,275889.0,248618.0,0.0,2846986.0,2.002946159662681,44807.0,0.011535361300326416,517.0,5763.0,11729.0,66877.0,65650.0,65142.0
FFT,gem5,i2,1024,1,binaries/FFT/stats/gem5/i2/1024/t1,0.000472,,,,0.000472,3.08,153120912.0,8790332.0,2.3980815347721824,1132091.0,1132091.0,1132091.0,1551882.0,1551685.0,1892350.0,1.3708102970520921,1.3708102970520921,0.7294955415424627,1.37081,1.37081,1.37081,,,222751.0,5952.0,0.026720418763552127,144117.0,5952.0,245423.0,142264.0,103159.0,0.5796685722202075,666918.0,351514.0,315395.0,33126.0,6027.0,27090.0,0.049670274306586416,274601.0,2533.0,0.009224292701046246,7183.0,,,4193.0,0.5837393846582208,12221.0,6703.0,0.5484821209393667,0.0,0.0,,0.0,0.0,,0.0,0.0,,673884.0,358441.0,315443.0,358441.0,315443.0,528021.0,0.0,1526359.0,1.7542618040422546,30045.0,0.015219208266849023,61.0,4750.0,5318.0,70718.0,63120.0,44447.0
FFT,gem5,i2,1024,2,binaries/FFT/stats/gem5/i2/1024/t2,0.000498,,,,0.000498,4.26,116945411.0,8796940.0,2.3980815347721824,1523255.0,1523255.0,1194338.0,2297527.0,2297101.0,2661559.0,1.5083009739012838,1.9236824081625135,0.6629976492115218,1.8839365,1.222769,2.545104,,,452918.0,6902.0,0.015238961578033993,277584.0,6902.0,495106.0,274358.0,220748.0,0.5541399215521524,820551.0,483540.0,336999.0,55886.0,9829.0,46045.0,0.06810789335458735,323390.0,3061.0,0.009465351433253966,9907.0,,,6673.0,0.6735641465630362,16855.0,11078.0,0.6572530406407594,0.0,0.0,,0.0,0.0,,0.0,0.0,,825607.0,487088.0,338519.0,487088.0,338519.0,539016.0,0.0,2075313.0,1.8516236611729486,47409.0,0.01692624841301917,227.0,4405.0,10058.0,81946.0,70421.0,58348.0
FFT,gem5,i2,1024,3,binaries/FFT/stats/gem5/i2/1024/t3,0.000502,,,,0.000502,5.4,92952639.0,8803544.0,2.3980815347721824,1830497.0,1830497.0,1204388.0,3026428.0,3025917.0,3399664.0,1.6533367713795761,2.5128347343214976,0.6048374519400429,2.084569666666667,1.199008,2.541195,,,687354.0,7320.0,0.010649534301102489,400726.0,7320.0,737420.0,397121.0,340299.0,0.5385275690922405,958512.0,611729.0,346768.0,62001.0,14084.0,47903.0,0.06468463618608844,351013.0,3259.0,0.009284556412440565,12523.0,,,8876.0,0.708775852431526,19006.0,13224.0,0.6957802799116068,0.0,0.0,,0.0,0.0,,0.0,0.0,,961674.0,613330.0,348344.0,613330.0,348344.0,544231.0,0.0,2583424.0,1.9656016917809753,51832.0,0.014493851885428326,395.0,4506.0,12503.0,83196.0,83426.0,64279.0
FFT,gem5,i2,1024,4,binaries/FFT/stats/gem5/i2/1024/t4,0.000495,,,,0.000495,6.11,81026543.0,8809128.0,2.3980815347721824,2070668.0,2070668.0,1186640.0,3651682.0,3651089.0,4026676.0,1.7635284845276984,3.077329265826198,0.5670449946079642,2.2006829999999997,1.185945,2.551452,,,893361.0,7461.0,0.008351607021125838,504988.0,7461.0,946465.0,502212.0,444253.0,0.5306186705266439,1061726.0,714232.0,347476.0,63187.0,15746.0,47424.0,0.059513471460621664,350725.0,3439.0,0.009805403093591845,12955.0,,,9209.0,0.7108452335005789,18350.0,12515.0,0.682016348773842,0.0,0.0,,0.0,0.0,,0.0,0.0,,1063382.0,714270.0,349112.0,714270.0,349112.0,549314.0,0.0,3001035.0,2.0383045471316503,51716.0,0.01231822836265173,540.0,4544.0,12949.0,77804.0,77785.0,70283.0
FFT,gem5,i2,2048,1,binaries/FFT/stats/gem5/i2/2048/t1,0.000583,,,,0.000583,4.53,128733937.0,8790328.0,2.3980815347721824,1397303.0,1397303.0,1397303.0,2246653.0,2246456.0,2750283.0,1.6078495501691472,1.6078495501691472,0.6219487388573135,1.60785,1.60785,1.60785,,,225581.0,5935.0,0.026309839924461724,145743.0,5935.0,248147.0,144031.0,104116.0,0.580426118389503,1104756.0,551373.0,553374.0,39860.0,8533.0,31318.0,0.03608036525712465,319392.0,2605.0,0.008156121631099088,10498.0,,,4714.0,0.4490379119832349,16375.0,7303.0,0.44598473282442747,0.0,0.0,,0.0,0.0,,0.0,0.0,,1115688.0,562266.0,553422.0,562266.0,553422.0,1244192.0,0.0,2072730.0,2.044746916023225,65694.0,0.02308998994421694,141.0,8428.0,5733.0,67203.0,77699.0,46264.0
FFT,gem5,i2,2048,2,binaries/FFT/stats/gem5/i2/2048/t2,0.000563,,,,0.000563,5.97,94204315.0,8797960.0,2.3980815347721824,1821457.0,1821457.0,1349381.0,3000472.0,3000045.0,3527628.0,1.647292250105273,2.2235914096908136,0.6070568230598385,1.9159059999999999,1.358212,2.4736,,,458490.0,6858.0,0.014957796244192894,280398.0,6858.0,500384.0,277385.0,222999.0,0.5543442636055509,1257888.0,682937.0,574939.0,61505.0,13507.0,47986.0,0.04889545015136483,371031.0,3222.0,0.008683910508825408,14017.0,,,8897.0,0.6347292573303845,22180.0,14387.0,0.6486474301172227,0.0,0.0,,0.0,0.0,,0.0,0.0,,1268787.0,692328.0,576459.0,692328.0,576459.0,1255165.0,0.0,2627117.0,2.040814578658733,93120.0,0.02518510865540675,262.0,11707.0,12316.0,80387.0,99282.0,62111.0
FFT,gem5,i2,2048,3,binaries/FFT/stats/gem5/i2/2048/t3,0.00055,,,,0.00055,7.09,77650160.0,8804572.0,2.3980815347721824,2153885.0,2153885.0,1319635.0,3742112.0,3741602.0,4278435.0,1.7373778080073914,2.8357174521742756,0.5755800467757245,2.0617436666666666,1.287698,2.470722,,,697230.0,7261.0,0.010414067094072258,405838.0,7261.0,747079.0,402455.0,344624.0,0.5387047420687772,1397387.0,812716.0,584656.0,71894.0,16722.0,55158.0,0.05144888280769751,404690.0,3494.0,0.008633769057797327,16033.0,,,11159.0,0.6960019958834903,24924.0,17836.0,0.7156154710319371,0.0,0.0,,0.0,0.0,,0.0,0.0,,1406993.0,820761.0,586232.0,820761.0,586232.0,1260360.0,0.0,3143649.0,2.090473261107255,96992.0,0.021646095971976483,473.0,11238.0,14499.0,85130.0,114809.0,70320.0
FFT,gem5,i2,2048,4,binaries/FFT/stats/gem5/i2/2048/t4,0.000532,,,,0.000532,8.01,66438319.0,8811176.0,2.3980815347721824,2393298.0,2393298.0,1276158.0,4297492.0,4296899.0,4835570.0,1.795635980141211,3.367523457126782,0.5569057487483398,2.1240665,1.254364,2.441432,,,879895.0,7437.0,0.008452144858193306,496322.0,7437.0,929517.0,493669.0,435848.0,0.5311027124840105,1488041.0,902653.0,585370.0,76962.0,19341.0,57604.0,0.051720349103284116,396950.0,3746.0,0.009436956795566193,17427.0,,,12764.0,0.7324266942101337,26926.0,19731.0,0.732786154646067,0.0,0.0,,0.0,0.0,,0.0,0.0,,1496996.0,909990.0,587006.0,909990.0,587006.0,1265423.0,0.0,3514696.0,2.1133181074818097,97137.0,0.019287002196212887,694.0,10765.0,15979.0,82836.0,128739.0,77595.0
FFT,gem5,i2,4096,1,binaries/FFT/stats/gem5/i2/4096/t1,0.000879,,,,0.000879,8.68,101358833.0,8792380.0,2.3980815347721824,2108887.0,2108887.0,2108887.0,4058433.0,4058236.0,4914063.0,1.9244430830101376,1.9244430830101376,0.5196308525975419,1.924443,1.924443,1.924443,,,231782.0,5910.0,0.02549809735009621,149627.0,5910.0,254235.0,147848.0,106387.0,0.5815407005329715,2307085.0,1150904.0,1156172.0,84285.0,32368.0,51908.0,0.036533114297912735,435944.0,2852.0,0.006542124676563963,41234.0,,,5906.0,0.1432313139642043,52225.0,8722.0,0.16700813786500718,0.0,0.0,,0.0,0.0,,0.0,0.0,,2333420.0,1177200.0,1156220.0,1177200.0,1156220.0,2978325.0,0.0,3564565.0,2.4414081930421117,192678.0,0.03750928592230817,253.0,4222.0,14250.0,101810.0,100104.0,53065.0
FFT,gem5,i2,4096,2,binaries/FFT/stats/gem5/i2/4096/t2,0.000737,,,,0.000737,10.37,71108966.0,8801032.0,2.3980815347721824,2621736.0,2621736.0,1768262.0,4853438.0,4853012.0,5733093.0,1.8512306349685856,2.744750495118936,0.5401812076305498,2.0054805,1.563409,2.447552,,,477957.0,6846.0,0.014323464244691468,294183.0,6846.0,524747.0,291063.0,233684.0,0.5546730138523899,2472028.0,1293760.0,1178256.0,103859.0,39836.0,64011.0,0.04201368269291448,493177.0,3727.0,0.007557124521216521,44063.0,,,13630.0,0.30932982320767993,56639.0,21888.0,0.38644750083864476,0.0,0.0,,0.0,0.0,,0.0,0.0,,2494638.0,1314862.0,1179776.0,1314862.0,1179776.0,2989300.0,0.0,4147732.0,2.308741231001138,212098.0,0.03516395993359735,411.0,4078.0,21926.0,129297.0,121976.0,76609.0
FFT,gem5,i2,4096,3,binaries/FFT/stats/gem5/i2/4096/t3,0.000674,,,,0.000674,11.57,58242232.0,8808668.0,2.3980815347721824,2962707.0,2962707.0,1615358.0,5552239.0,5551728.0,6441621.0,1.8740425563513368,3.4371569645861784,0.5336058119976463,2.066319,1.461437,2.386803,,,701930.0,7229.0,0.01029874773837847,407312.0,7229.0,748956.0,403526.0,345430.0,0.5387846549062962,2604955.0,1416356.0,1188584.0,111373.0,41797.0,69561.0,0.042754289421506324,531839.0,4206.0,0.007908408371706475,43387.0,,,17294.0,0.3985986585843686,57197.0,27540.0,0.4814937846390545,0.0,0.0,,0.0,0.0,,0.0,0.0,,2627043.0,1436883.0,1190160.0,1436883.0,1190160.0,2994495.0,0.0,4637121.0,2.2785547136453252,204722.0,0.030419406892739653,560.0,4477.0,21348.0,141150.0,131968.0,92678.0
FFT,gem5,i2,4096,4,binaries/FFT/stats/gem5/i2/4096/t4,0.00064,,,,0.00064,13.0,49230402.0,8817320.0,2.3980815347721824,3313435.0,3313435.0,1535345.0,6231615.0,6231023.0,7122189.0,1.8807114067425497,4.058771806988006,0.5317136889875257,2.084739,1.367648,2.335642,,,926391.0,7441.0,0.008032245563698266,523259.0,7441.0,980266.0,520483.0,459783.0,0.5309609840594288,2715975.0,1527272.0,1188685.0,118877.0,45285.0,73575.0,0.04376954868877659,523945.0,4678.0,0.008928418059147429,45990.0,,,19950.0,0.4337899543378995,59384.0,30504.0,0.5136737168260811,0.0,0.0,,0.0,0.0,,0.0,0.0,,2736355.0,1546034.0,1190321.0,1546034.0,1190321.0,2999564.0,0.0,5089432.0,2.2538356720442683,212808.0,0.028583716651457515,761.0,6058.0,24358.0,140809.0,133697.0,108816.0
FFT,gem5,i2,8192,1,binaries/FFT/stats/gem5/i2/8192/t1,0.001224,,,,0.001224,12.48,98093736.0,8790328.0,2.3980815347721824,2935673.0,2935673.0,2935673.0,6233295.0,6232747.0,7202867.0,2.1232933640769938,2.1232933640769938,0.4709664792056208,2.123293,2.123293,2.123293,,,290510.0,7622.0,0.02623661836081374,194958.0,7622.0,320273.0,188465.0,131808.0,0.5884511026530491,2338210.0,1164813.0,1173388.0,358100.0,123203.0,234888.0,0.15315134226609245,622669.0,2665.0,0.004279962548320215,154715.0,,,7285.0,0.047086578547652136,232094.0,10869.0,0.0468301636405939,0.0,0.0,,0.0,0.0,,0.0,0.0,,2382912.0,1209465.0,1173447.0,1209465.0,1173447.0,4934632.0,0.0,3913066.0,2.6589661041948474,553494.0,0.07105653157177981,4454.0,5102.0,38199.0,66424.0,217919.0,48920.0
FFT,gem5,i2,8192,2,binaries/FFT/stats/gem5/i2/8192/t2,0.000953,,,,0.000953,14.6,65305308.0,8797964.0,2.3980815347721824,3462712.0,3462712.0,2286302.0,7088611.0,7087816.0,8091239.0,2.0471269340332086,3.100470104124477,0.48848949392201096,2.173986,1.778203,2.569769,,,546316.0,9098.0,0.016653365451496937,344913.0,9098.0,600282.0,340407.0,259875.0,0.5670784731176347,2524335.0,1319652.0,1204671.0,391626.0,135165.0,256449.0,0.15514026466376293,695584.0,3211.0,0.004616264893959608,164036.0,,,25794.0,0.15724597039674218,241991.0,39415.0,0.16287795827117538,0.0,0.0,,0.0,0.0,,0.0,0.0,,2565810.0,1359589.0,1206221.0,1359589.0,1206221.0,4954080.0,0.0,4557867.0,2.5764432618132838,566014.0,0.06362813490089994,5907.0,5184.0,51847.0,76358.0,324104.0,63447.0
FFT,gem5,i2,8192,3,binaries/FFT/stats/gem5/i2/8192/t3,0.000856,,,,0.000856,16.37,52277621.0,8804568.0,2.3980815347721824,3807387.0,3807387.0,2052456.0,7926122.0,7925226.0,8946494.0,2.081774718461769,3.8617743815214554,0.480359373726521,2.269808333333333,1.660476,2.589302,,,806337.0,9895.0,0.012271544031837806,481607.0,9895.0,867133.0,478997.0,388136.0,0.5523916169722523,2690167.0,1466602.0,1223550.0,402205.0,146970.0,255221.0,0.14950930555612346,756531.0,3403.0,0.004498163327081111,165142.0,,,30686.0,0.185815843334827,241683.0,47438.0,0.19628190646425275,0.0,0.0,,0.0,0.0,,0.0,0.0,,2732071.0,1506905.0,1225166.0,1506905.0,1225166.0,4967811.0,0.0,5159901.0,2.5847585233652373,622121.0,0.06339445734505107,6378.0,5255.0,45976.0,78094.0,357584.0,69781.0
FFT,gem5,i2,8192,4,binaries/FFT/stats/gem5/i2/8192/t4,0.000798,,,,0.000798,17.64,45231062.0,8811180.0,2.3980815347721824,4090403.0,4090403.0,1913427.0,8520907.0,8519914.0,9545622.0,2.083146086094695,4.4532177083317,0.4800431456416553,2.2903715,1.576746,2.542913,,,996631.0,10314.0,0.010348865327287632,577675.0,10314.0,1060340.0,576541.0,483799.0,0.5437321991059472,2786571.0,1560088.0,1226465.0,419537.0,153118.0,266402.0,0.15055672365785763,738291.0,3586.0,0.004857163367831925,170602.0,,,35031.0,0.20533756931337266,246972.0,53742.0,0.21760361498469463,0.0,0.0,,0.0,0.0,,0.0,0.0,,2827476.0,1599321.0,1228155.0,1599321.0,1228155.0,4981470.0,0.0,5562173.0,2.5815678797419226,639143.0,0.06069009615851175,6936.0,5386.0,44503.0,77522.0,389845.0,74466.0
FFT,hardware,none,128,1,binaries/FFT/stats/hardware/128/t1,0.00035,0.002579442,0.0007199999999999999,0.288,,,,,0.818,590228.0,,,1138393.0,,,1.928734319618859,,0.5184747270933676,,,,0.001083096,0.000376266,234162.0,2968.0,0.01267498569366507,239597.0,2968.0,,,,,406035.0,265148.0,140887.0,3823.0,,,0.009415444481387073,373962.0,5973.0,0.015972211080270186,25993.0,15110.0,10882.0,6502.0,0.25014426961104913,,,,405700.0,195.0,0.0004806507271382795,326365.0,120.0,0.00036768648598961285,613.0,138.0,0.22512234910277323,405376.0,264752.0,140624.0,268413.0,138693.0,,,,,,,,,,,,
FFT,hardware,none,128,2,binaries/FFT/stats/hardware/128/t2,0.00039,0.001013843,0.00073,0.755,,,,,1.619,1183340.0,,,2458342.0,,,2.077460408673754,,0.4813569470805934,,,,0.001060373,0.000146953,575026.0,3670.0,0.006382320103786612,582658.0,3670.0,,,,,663996.0,501661.0,162335.0,5514.0,,,0.008304266893174055,725307.0,6857.0,0.00945392778506205,31691.0,18171.0,13519.0,8589.0,0.27102331892335363,,,,665075.0,254.0,0.0003819118144570161,582855.0,157.0,0.00026936373540589,729.0,177.0,0.24279835390946503,437016.0,534972.0,162359.0,541792.0,160997.0,,,,,,,,,,,,
FFT,hardware,none,128,3,binaries/FFT/stats/hardware/128/t3,0.00043,0.001187786,0.0010400000000000001,0.914,,,,,1.749,1820466.0,,,4341052.0,,,2.384582848567345,,0.41936056052772464,,,,0.001151543,0.00028795,939191.0,3811.0,0.004057747572112595,948329.0,3811.0,,,,,815709.0,641642.0,174067.0,6314.0,,,0.0077405054988972785,932999.0,7238.0,0.007757778947244317,33660.0,19344.0,14316.0,9424.0,0.27997623291740936,,,,917191.0,288.0,0.0003140022089183169,828715.0,196.0,0.00023651074253512968,816.0,215.0,0.26348039215686275,826511.0,751812.0,173752.0,760770.0,172728.0,,,,,,,,,,,,
FFT,hardware,none,128,4,binaries/FFT/stats/hardware/128/t4,0.00043,0.001279948,0.0011899999999999999,0.977,,,,,1.703,2032137.0,,,4637673.0,,,2.2821655232890303,,0.43818031154848563,,,,0.001103986,0.00066791,15736339.0,3637.0,0.00023112110129300088,15745732.0,3637.0,,,,,1181855.0,1011987.0,169868.0,7199.0,,,0.006091271771917875,1494885.0,7489.0,0.005009749913872974,36301.0,20698.0,15603.0,10643.0,0.2931875154954409,,,,984350.0,326.0,0.0003311830141717885,909929.0,217.0,0.00023848014515418235,904.0,239.0,0.2643805309734513,6781072.0,6602424.0,170548.0,6612939.0,169524.0,,80.0,,,,,,,,,,
FFT,hardware,none,256,1,binaries/FFT/stats/hardware/256/t1,0.00028,0.000938125,0.00047,0.526,,,,,1.437,669838.0,,,1179167.0,,,1.7603763895150768,,0.56806033411722,,,,0.000895663,2.968e-05,234285.0,2993.0,0.012775038948289477,239798.0,2993.0,,,,,414163.0,270284.0,143879.0,3988.0,,,0.009629059090261564,383377.0,6061.0,0.01580950343917345,26081.0,15153.0,10928.0,6593.0,0.2527893869100111,,,,413999.0,199.0,0.0004806774895591535,331509.0,124.0,0.0003740471601072671,616.0,142.0,0.2305194805194805,413476.0,269880.0,143596.0,273065.0,141620.0,,,,,,,,,,,,
FFT,hardware,none,256,2,binaries/FFT/stats/hardware/256/t2,0.00038,0.001030262,0.00073,0.747,,,,,1.606,1178066.0,,,2494016.0,,,2.1170426784237897,,0.4723570337960943,,,,0.001181386,4.652e-05,743418.0,3342.0,0.004495452087520076,750969.0,3342.0,,,,,667037.0,501808.0,165229.0,6426.0,,,0.009633648508253665,728224.0,6871.0,0.009435283648987125,33536.0,18948.0,14588.0,9574.0,0.2854842557251908,,,,667661.0,270.0,0.00040439684210999297,583573.0,165.0,0.00028274097670728424,758.0,176.0,0.23218997361477572,593528.0,447402.0,165467.0,454534.0,164268.0,,,,,,,,,,,,
FFT,hardware,none,256,3,binaries/FFT/stats/hardware/256/t3,0.00042,0.001242742,0.00101,0.849,,,,,1.716,1733730.0,,,3904235.0,,,2.2519279241865804,,0.4440639459458767,,,,0.000840733,0.00062335,1310665.0,3854.0,0.002940492040300153,1320090.0,3854.0,,,,,1026726.0,849589.0,177137.0,7435.0,,,0.0072414646166552715,1248651.0,7272.0,0.005823885136839678,36420.0,20525.0,15894.0,10595.0,0.29091158704008785,,,,906841.0,273.0,0.0003010450564101094,818581.0,189.0,0.00023088735262606877,803.0,205.0,0.25529265255292655,1068182.0,893895.0,176960.0,903373.0,176314.0,,,,,,,,,,,,
FFT,hardware,none,256,4,binaries/FFT/stats/hardware/256/t4,0.00042,0.005506283,0.01274,2.34,,,,,2.308,29404326.0,,,86749965.0,,,2.9502449741578842,,0.33895490332474487,,,,0.019241273,0.003128883,2050119.0,3819.0,0.001862818694914783,2060020.0,3819.0,,,,,15115764.0,14941915.0,173849.0,8934.0,,,0.0005910386004968058,23724853.0,8601.0,0.00036253122411338017,41186.0,23028.0,18157.0,12407.0,0.3012431408731122,,,,1262948.0,304.0,0.00024070666409068306,1185919.0,215.0,0.00018129400068638753,852.0,233.0,0.2734741784037559,13701161.0,13524678.0,174314.0,13613945.0,172749.0,,4458.0,,,,,,,,,,
FFT,hardware,none,512,1,binaries/FFT/stats/hardware/512/t1,0.00031,0.000939789,0.00051,0.571,,,,,1.466,740375.0,,,1296400.0,,,1.7510045585007596,,0.5711007405121876,,,,0.00096596,0.00041511,236004.0,2944.0,0.012474364841273877,241592.0,2944.0,,,,,452979.0,295133.0,157845.0,4110.0,,,0.00907326829720583,414565.0,6130.0,0.014786583527311761,26492.0,15408.0,11084.0,6810.0,0.257058734712366,,,,452779.0,206.0,0.00045496809701863383,348231.0,123.0,0.00035321381496765077,628.0,139.0,0.2213375796178344,452504.0,294841.0,157662.0,297948.0,153973.0,,,,,,,,,,,,
FFT,hardware,none,512,2,binaries/FFT/stats/hardware/512/t2,0.00045,0.001129968,0.0008,0.747,,,,,1.64,1317646.0,,,2691517.0,,,2.0426707932176016,,0.4895551467815362,,,,0.00072571,0.000548,570530.0,3539.0,0.006203004224142464,578825.0,3539.0,,,,,720133.0,540806.0,179327.0,8100.0,,,0.011247922258804971,778353.0,7012.0,0.00900876594552857,38618.0,21044.0,17574.0,11363.0,0.2942410275001295,,,,705290.0,270.0,0.0003828212508329907,598736.0,157.0,0.0002622190748510195,751.0,176.0,0.23435419440745672,5384178.0,5391221.0,180690.0,5400613.0,178369.0,,154.0,,,,,,,,,,
FFT,hardware,none,512,3,binaries/FFT/stats/hardware/512/t3,0.00044,0.001314185,0.00114,0.907,,,,,1.764,2017965.0,,,4605641.0,,,2.282319564511773,,0.4381507373240771,,,,0.00130447,0.000248003,1155699.0,3814.0,0.003300167258083636,1165244.0,3814.0,,,,,1176299.0,985830.0,190469.0,9211.0,,,0.00783049207726947,1441278.0,7374.0,0.005116292623629862,42157.0,23110.0,19047.0,12394.0,0.29399625210522573,,,,1127066.0,290.0,0.00025730525097909085,1025614.0,188.0,0.00018330483008227266,868.0,210.0,0.24193548387096775,1126197.0,925968.0,190527.0,933647.0,187811.0,,,,,,,,,,,,
FFT,hardware,none,512,4,binaries/FFT/stats/hardware/512/t4,0.00044,0.003144961,0.00671,2.17,,,,,2.25,15087458.0,,,43723473.0,,,2.8980013067807713,,0.3450654068582338,,,,0.00444786,0.000331846,2235944.0,3818.0,0.0017075561820868502,2246303.0,3818.0,,,,,1176676.0,989412.0,187263.0,10472.0,,,0.008899646121787137,1455771.0,7663.0,0.0052638773543366366,44518.0,24094.0,20424.0,14143.0,0.3176917202030639,,,,8171306.0,446.0,5.458123829899407e-05,11637131.0,220.0,1.890500330364933e-05,1040.0,241.0,0.23173076923076924,949868.0,1041127.0,188003.0,1050465.0,185576.0,,,,,,,,,,,,
FFT,hardware,none,1024,1,binaries/FFT/stats/hardware/1024/t1,0.0004,0.001555151,0.00065,0.436,,,,,1.502,978572.0,,,1577437.0,,,1.611978474757095,,0.6203556782299388,,,,0.001171573,0.00064604,230480.0,2828.0,0.012270045123221104,235630.0,2828.0,,,,,571324.0,371813.0,199510.0,4291.0,,,0.007510624444273302,481926.0,6204.0,0.012873345700377237,27169.0,15802.0,11367.0,7086.0,0.2608119548014281,,,,570698.0,229.0,0.00040126301476437626,377092.0,120.0,0.00031822473030454105,660.0,138.0,0.20909090909090908,574569.0,371808.0,199449.0,368568.0,189653.0,,,,,,,,,,,,
FFT,hardware,none,1024,2,binaries/FFT/stats/hardware/1024/t2,0.00045,0.001229661,0.00092,0.79,,,,,1.671,1544770.0,,,3215579.0,,,2.081590786977997,,0.4804018187704298,,,,0.000724866,0.000677236,751568.0,3374.0,0.004489281076363017,758822.0,3374.0,,,,,876992.0,659562.0,217430.0,11629.0,,,0.013260098153688973,916428.0,7153.0,0.007805304944851096,47497.0,24735.0,22762.0,13944.0,0.2935764364065099,,,,12757593.0,415.0,3.252964724615372e-05,18536639.0,157.0,8.469712335661282e-06,1030.0,155.0,0.15048543689320387,871898.0,654242.0,217656.0,656781.0,210199.0,,,,,,,,,,,,
FFT,hardware,none,1024,3,binaries/FFT/stats/hardware/1024/t3,0.00048,0.001361626,0.0011899999999999999,0.911,,,,,1.783,2117676.0,,,4781571.0,,,2.257933224912593,,0.44288289350926713,,,,0.000889433,0.00084392,1434615.0,3625.0,0.0025268103289035736,1443395.0,3625.0,,,,,1006960.0,782295.0,224664.0,13533.0,,,0.013439461349010884,1097473.0,7547.0,0.006876706761806441,52267.0,27025.0,25241.0,15770.0,0.3017200145407236,,,,1119632.0,311.0,0.0002777698386612744,937836.0,189.0,0.00020152777244635524,955.0,219.0,0.2293193717277487,941045.0,709782.0,225045.0,712593.0,217262.0,,62.0,,,,,,,,,,
FFT,hardware,none,1024,4,binaries/FFT/stats/hardware/1024/t4,0.00046,0.003437455,0.0072,2.129,,,,,2.244,16153636.0,,,46426789.0,,,2.8740767094170008,,0.34793782529306516,,,,0.003235036,0.0014728,29019999.0,3906.0,0.00013459683441064213,29029540.0,3906.0,,,,,1238668.0,1012846.0,225822.0,15927.0,,,0.012858166998743812,1451315.0,7990.0,0.005505352042802562,58288.0,29760.0,28528.0,18248.0,0.3130661542684601,,,,8479053.0,499.0,5.885091177045361e-05,11868373.0,211.0,1.7778342490584007e-05,1205.0,249.0,0.20663900414937758,8316392.0,8095995.0,225568.0,8137676.0,218587.0,,878.0,,,,,,,,,,
FFT,hardware,none,2048,1,binaries/FFT/stats/hardware/2048/t1,0.00049,0.001035492,0.00065,0.659,,,,,1.694,1100150.0,,,2272246.0,,,2.065396536835886,,0.48416852752738915,,,,0.000938086,0.000153846,233315.0,2656.0,0.011383751580481324,238269.0,2656.0,,,,,902059.0,575775.0,326284.0,8224.0,,,0.009116920290136233,656156.0,6339.0,0.009660812367790586,35943.0,20262.0,15681.0,7656.0,0.21300392287789,,,,901859.0,249.0,0.00027609637426693085,468624.0,122.0,0.00026033664515688485,695.0,144.0,0.20719424460431654,901422.0,575413.0,326009.0,561818.0,306249.0,,,,,,,,,,,,
FFT,hardware,none,2048,2,binaries/FFT/stats/hardware/2048/t2,0.00057,0.001303224,0.0010400000000000001,0.838,,,,,1.736,1808538.0,,,3736151.0,,,2.0658404744605865,,0.48406448240448524,,,,0.00151998,5.02e-05,829202.0,3262.0,0.003933902716105364,836407.0,3262.0,,,,,3038389.0,2694673.0,343715.0,18320.0,,,0.006029511033643157,4085978.0,7815.0,0.0019126387856224386,62129.0,31713.0,30416.0,17416.0,0.28031997939770475,,,,1175420.0,317.0,0.00026969083391468584,752848.0,166.0,0.00022049603638450257,830.0,195.0,0.23493975903614459,1100384.0,756897.0,343486.0,747120.0,325515.0,,,,,,,,,,,,
FFT,hardware,none,2048,3,binaries/FFT/stats/hardware/2048/t3,0.00051,0.001229024,0.00122,1.038,,,,,1.78,2179455.0,,,4650624.0,,,2.1338472232737082,,0.4686371119230452,,,,0.001222566,0.000455746,1005911.0,3320.0,0.003300490798887774,1014128.0,3320.0,,,,,1414603.0,1063787.0,350816.0,20774.0,,,0.014685392297344202,1387344.0,7849.0,0.005657573031634547,68547.0,34498.0,34049.0,21179.0,0.3089704874028039,,,,1351201.0,350.0,0.0002590288195464627,926626.0,190.0,0.0002050449695993853,930.0,221.0,0.23763440860215054,1160614.0,1047459.0,351476.0,1040226.0,334073.0,,,,,,,,,,,,
FFT,hardware,none,2048,4,binaries/FFT/stats/hardware/2048/t4,0.00051,0.001384812,0.00176,1.326,,,,,1.905,3355273.0,,,7815542.0,,,2.329331175138357,,0.4293077818531331,,,,0.001844193,0.000338556,1399128.0,3624.0,0.0025901847436403244,1408682.0,3624.0,,,,,1697585.0,1345348.0,352236.0,24188.0,,,0.014248476512221773,1884367.0,8464.0,0.00449169402775574,79328.0,40057.0,39270.0,24629.0,0.31047045179507865,,,,8749265.0,559.0,6.389108113652975e-05,11875148.0,215.0,1.8105037511953535e-05,1219.0,260.0,0.2132895816242822,8828923.0,8340092.0,363040.0,8393518.0,334399.0,,,,,,,,,,,,
FFT,hardware,none,4096,1,binaries/FFT/stats/hardware/4096/t1,0.00077,0.001490904,0.0009699999999999999,0.675,,,,,1.87,1815619.0,,,4083537.0,,,2.2491155908811264,,0.44461921123770887,,,,0.001437446,0.000893906,239403.0,2871.0,0.011992330923171389,244755.0,2871.0,,,,,1857576.0,1190945.0,666630.0,26671.0,,,0.014357958974491488,1109679.0,6681.0,0.0060206600287110055,73240.0,39078.0,34162.0,8387.0,0.11451392681594758,,,,1858158.0,258.0,0.00013884718091787673,700670.0,126.0,0.00017982787903007122,759.0,149.0,0.1963109354413702,1498044.0,1191397.0,667005.0,1158575.0,635907.0,,8135.0,,,,,,,,,,
FFT,hardware,none,4096,2,binaries/FFT/stats/hardware/4096/t2,0.00066,0.001411138,0.00136,1.0,,,,,1.898,2579726.0,,,5755737.0,,,2.2311427647742437,,0.448200812511065,,,,0.00165344,0.00015777,911667.0,3376.0,0.0037031065070908566,919125.0,3376.0,,,,,2165412.0,1480057.0,685355.0,37036.0,,,0.017103442670494115,1547965.0,7991.0,0.005162261420639355,101846.0,51136.0,50709.0,25681.0,0.2521552147359739,,,,2099735.0,305.0,0.00014525642521556292,953737.0,169.0,0.0001771976970590425,952.0,198.0,0.20798319327731093,1852577.0,1438297.0,685268.0,1410224.0,656240.0,,9345.0,,,,,,,,,,
FFT,hardware,none,4096,3,binaries/FFT/stats/hardware/4096/t3,0.00065,0.001410686,0.00161,1.187,,,,,1.919,3093772.0,,,7006220.0,,,2.2646206637076034,,0.44157505759168286,,,,0.001923086,0.00019206,1125470.0,3544.0,0.003148906678987445,1134071.0,3544.0,,,,,2388352.0,1694880.0,693471.0,39036.0,,,0.016344324454686747,1871614.0,8709.0,0.004653203064307063,110080.0,54282.0,55798.0,31093.0,0.28245821220930234,,,,2400975.0,365.0,0.00015202157456866482,1272995.0,189.0,0.00014846876853404767,1092.0,237.0,0.21703296703296704,2183156.0,1750315.0,693448.0,1723263.0,664791.0,,,,,,,,,,,,
FFT,hardware,none,4096,4,binaries/FFT/stats/hardware/4096/t4,0.00065,0.003263825,0.00715,2.229,,,,,2.244,16049517.0,,,45407776.0,,,2.8292300634343075,,0.35345305174162245,,,,0.003307956,0.001636486,1809745.0,3624.0,0.0020024920637990436,1819245.0,3624.0,,,,,9514720.0,8821285.0,693435.0,42555.0,,,0.004472543595607648,13349706.0,11989.0,0.0008980722122269958,120282.0,60260.0,60021.0,36543.0,0.30381104404649073,,,,2689284.0,378.0,0.0001405578585229377,1547087.0,213.0,0.00013767810084371466,1167.0,281.0,0.24078834618680378,7901363.0,8165418.0,689671.0,8170774.0,665458.0,,,,,,,,,,,,
FFT,hardware,none,8192,1,binaries/FFT/stats/hardware/8192/t1,0.0013,0.002057915,0.0015,0.748,,,,,2.013,3015905.0,,,6257500.0,,,2.074833259005174,,0.481966440271674,,,,0.001072906,0.00084803,297909.0,3431.0,0.011516939736630984,305142.0,3431.0,,,,,1896239.0,1235388.0,660850.0,147367.0,,,0.07771541456535806,1689579.0,6399.0,0.003787334004506448,320708.0,162804.0,157904.0,9610.0,0.02996495254249972,,,,1898484.0,302.0,0.00015907429296217404,1038605.0,134.0,0.00012901921327164803,922.0,156.0,0.16919739696312364,1791449.0,1234780.0,659170.0,1186915.0,623769.0,,,,,,,,,,,,
FFT,hardware,none,8192,2,binaries/FFT/stats/hardware/8192/t2,0.00098,0.001728677,0.00189,1.125,,,,,2.03,3828477.0,,,7823406.0,,,2.0434773409896416,,0.48936192241588894,,,,0.001578003,0.00075179,674865.0,4008.0,0.005938965570891956,684739.0,4008.0,,,,,2215166.0,1525964.0,689202.0,154286.0,,,0.06964985919791113,2145312.0,7401.0,0.003449847854298116,343642.0,170249.0,173393.0,38203.0,0.11117092788425163,,,,2211244.0,368.0,0.00016642215874865008,1362313.0,175.0,0.00012845799753801072,1171.0,219.0,0.1870196413321947,1965679.0,1532183.0,691550.0,1489830.0,656772.0,,,,,,,,,,,,
FFT,hardware,none,8192,3,binaries/FFT/stats/hardware/8192/t3,0.00087,0.001644177,0.00222,1.393,,,,,2.023,4482784.0,,,9433386.0,,,2.104358809168588,,0.47520413136916057,,,,0.002007556,0.00063217,9875011.0,4239.0,0.00042926534461581865,9886341.0,4239.0,,,,,2406706.0,1699853.0,706853.0,155484.0,,,0.06460448430344214,2394995.0,7843.0,0.0032747458762961926,350470.0,170942.0,179527.0,48470.0,0.13829999714668872,,,,2569750.0,420.0,0.00016344002334857478,1729589.0,199.0,0.00011505623590344296,1387.0,271.0,0.19538572458543618,2505716.0,1790096.0,704416.0,1748637.0,670072.0,,7.0,,,,,,,,,,
FFT,hardware,none,8192,4,binaries/FFT/stats/hardware/8192/t4,0.00107,0.003664797,0.00855,2.37,,,,,2.273,19435723.0,,,53904378.0,,,2.7734691423622366,,0.3605592666332223,,,,0.004509106,0.001271356,1900420.0,4220.0,0.0022205617705559825,1912139.0,4220.0,,,,,8414096.0,7714053.0,700043.0,155585.0,,,0.018490994160275803,11903578.0,9015.0,0.0007573353154824541,360237.0,174703.0,185533.0,55313.0,0.15354613768158185,,,,2683501.0,465.0,0.0001732810980879083,1847864.0,231.0,0.0001250091998112415,1597.0,322.0,0.2016280525986224,9755647.0,9040806.0,710626.0,9057606.0,673803.0,,,,,,,,,,,,
GEMM,gem5,i1,64,1,binaries/GEMM/stats/gem5/i1/64/t1,0.000253,,,,0.000253,3.13,80828318.0,8768760.0,2.3980815347721824,2107564.0,2107564.0,606632.0,1382128.0,1234901.0,1758756.0,0.6557940826470751,2.2783631592134936,1.5248688978155425,0.59623575,0.2016,1.776733,,,61700.0,1790.0,0.02901134521880065,39208.0,1790.0,68939.0,40236.0,28703.0,0.5836464120454314,420376.0,331181.0,88982.0,22605.0,15930.0,6468.0,0.05377328867490057,117694.0,1548.0,0.013152752051931279,22784.0,,,19293.0,0.846778441011236,23985.0,20490.0,0.8542839274546592,0.0,0.0,,0.0,0.0,,0.0,0.0,,502411.0,395209.0,107202.0,395209.0,107202.0,1036638.0,0.0,888478.0,0.7753093144502373,7728.0,0.004739476008242567,92.0,2929.0,9261.0,10433.0,23553.0,29914.0
GEMM,gem5,i1,64,2,binaries/GEMM/stats/gem5/i1/64/t2,0.000253,,,,0.000253,3.19,79335556.0,8768760.0,2.3980815347721824,2109984.0,2109984.0,607123.0,1382400.0,1235045.0,1759028.0,0.6551708448974021,2.2769685879138164,1.5263194444444443,0.595817,0.201511,1.775296,,,61732.0,1790.0,0.028996306615693645,39225.0,1790.0,68962.0,40251.0,28711.0,0.5836692671326238,420410.0,331215.0,88982.0,22600.0,15924.0,6469.0,0.05375704669251445,117723.0,1548.0,0.013149511990010448,22801.0,,,19310.0,0.8468926801456077,24002.0,20507.0,0.8543871344054662,0.0,0.0,,0.0,0.0,,0.0,0.0,,502459.0,395241.0,107218.0,395241.0,107218.0,1036638.0,0.0,888590.0,0.7745035033441012,7742.0,0.004747549572708274,94.0,3142.0,9267.0,10979.0,23665.0,29955.0
GEMM,gem5,i1,64,3,binaries/GEMM/stats/gem5/i1/64/t3,0.000253,,,,0.000253,3.19,79531079.0,8767736.0,2.3980815347721824,2109984.0,2109984.0,607123.0,1382400.0,1235045.0,1759028.0,0.6551708448974021,2.2769685879138164,1.5263194444444443,0.595817,0.201511,1.775296,,,61732.0,1790.0,0.028996306615693645,39225.0,1790.0,68962.0,40251.0,28711.0,0.5836692671326238,420410.0,331215.0,88982.0,22600.0,15924.0,6469.0,0.05375704669251445,117723.0,1548.0,0.013149511990010448,22801.0,,,19310.0,0.8468926801456077,24002.0,20507.0,0.8543871344054662,0.0,0.0,,0.0,0.0,,0.0,0.0,,502459.0,395241.0,107218.0,395241.0,107218.0,1036638.0,0.0,888590.0,0.7745035033441012,7742.0,0.004747549572708274,94.0,3142.0,9267.0,10979.0,23665.0,29955.0
GEMM,gem5,i1,64,4,binaries/GEMM/stats/gem5/i1/64/t4,0.000253,,,,0.000253,3.21,79007722.0,8768760.0,2.3980815347721824,2109984.0,2109984.0,607123.0,1382400.0,1235045.0,1759028.0,0.6551708448974021,2.2769685879138164,1.5263194444444443,0.595817,0.201511,1.775296,,,61732.0,1790.0,0.028996306615693645,39225.0,1790.0,68962.0,40251.0,28711.0,0.5836692671326238,420410.0,331215.0,88982.0,22600.0,15924.0,6469.0,0.05375704669251445,117723.0,1548.0,0.013149511990010448,22801.0,,,19310.0,0.8468926801456077,24002.0,20507.0,0.8543871344054662,0.0,0.0,,0.0,0.0,,0.0,0.0,,502459.0,395241.0,107218.0,395241.0,107218.0,1036638.0,0.0,888590.0,0.7745035033441012,7742.0,0.004747549572708274,94.0,3142.0,9267.0,10979.0,23665.0,29955.0
GEMM,gem5,i1,128,1,binaries/GEMM/stats/gem5/i1/128/t1,0.001277,,,,0.001277,17.21,74236404.0,8769784.0,2.3980815347721824,8594212.0,8594212.0,3060763.0,8872476.0,8331936.0,11340859.0,1.0323780702640335,2.8987791606210607,0.9686373905097067,0.7850992499999999,0.202223,2.532367,,,230432.0,4505.0,0.019550236078322455,158969.0,4505.0,244474.0,160842.0,83632.0,0.657910452645271,2611559.0,2274571.0,336775.0,367992.0,146790.0,220995.0,0.14090893600336044,673161.0,1698.0,0.0025224277698797167,345202.0,,,70332.0,0.20374157739526422,346516.0,71641.0,0.20674658601623014,0.0,0.0,,0.0,0.0,,0.0,0.0,,3182742.0,2779703.0,403039.0,2779703.0,403039.0,7746808.0,0.0,5291804.0,1.2657071992173337,62393.0,0.0057430753200466865,380.0,8125.0,34638.0,61678.0,93629.0,34455.0
GEMM,gem5,i1,128,2,binaries/GEMM/stats/gem5/i1/128/t2,0.000696,,,,0.000696,16.25,42820572.0,8769784.0,2.3980815347721824,6353851.0,6353851.0,1668893.0,8744028.0,8278950.0,11217224.0,1.3761776912930441,5.239417985455029,0.7266503492440783,1.35813425,0.297721,2.492082,,,218172.0,3287.0,0.015066094640925507,148975.0,3287.0,230900.0,155641.0,75259.0,0.674062364660026,2600168.0,2258791.0,341164.0,352809.0,119687.0,232915.0,0.135687001762963,659958.0,1766.0,0.0026759278620760714,170868.0,,,87554.0,0.5124072383360254,172238.0,88919.0,0.5162565752040781,0.0,0.0,,0.0,0.0,,0.0,0.0,,3161895.0,2764588.0,397307.0,2764588.0,397307.0,7748418.0,0.0,5258136.0,1.7145010167849388,69005.0,0.006338599623716549,782.0,12513.0,32309.0,94177.0,175232.0,36878.0
GEMM,gem5,i1,128,3,binaries/GEMM/stats/gem5/i1/128/t3,0.000638,,,,0.000638,19.78,32266063.0,8772860.0,2.3980815347721824,5331761.0,5331761.0,1530790.0,11352106.0,10463934.0,14409734.0,2.129147574319254,7.41584802618256,0.4696715305512475,2.04587975,1.155406,2.418779,,,403318.0,8323.0,0.020636321711403904,306797.0,8323.0,418900.0,307887.0,111013.0,0.7349892575793745,3466238.0,3113777.0,352248.0,380360.0,167838.0,212315.0,0.10973279965195697,950157.0,2234.0,0.0023511903822210434,140010.0,,,51843.0,0.370280694236126,141774.0,53601.0,0.37807355368403234,0.0,0.0,,0.0,0.0,,0.0,0.0,,3857872.0,3445377.0,412495.0,3445377.0,412495.0,9234888.0,0.0,7178394.0,2.5811787137495474,201893.0,0.014694882109696331,1126.0,20571.0,26188.0,109503.0,227724.0,52219.0
GEMM,gem5,i1,128,4,binaries/GEMM/stats/gem5/i1/128/t4,0.000415,,,,0.000415,14.72,28200191.0,8772856.0,2.3980815347721824,3661089.0,3661089.0,995626.0,7937612.0,7893132.0,10536888.0,2.168101349079468,7.972483643456479,0.4612330509478165,2.1730115,2.005697,2.236023,,,121542.0,3886.0,0.03197248687696434,105350.0,3886.0,137209.0,114114.0,23095.0,0.8316801376003032,2626455.0,2199698.0,426544.0,435436.0,177473.0,257756.0,0.1657884867625754,560114.0,2054.0,0.003667110623908704,178880.0,,,36905.0,0.20631149373881932,180483.0,38503.0,0.21333311170581162,0.0,0.0,,0.0,0.0,,0.0,0.0,,3134852.0,2704779.0,430073.0,2704779.0,430073.0,7872158.0,0.0,5095856.0,2.904836511759206,89053.0,0.008380335661366421,1416.0,35315.0,6175.0,152267.0,273242.0,44256.0
GEMM,gem5,i1,256,1,binaries/GEMM/stats/gem5/i1/256/t1,0.00916,,,,0.00916,100.38,91248850.0,8771832.0,2.3980815347721824,27494345.0,27494345.0,21961897.0,60464159.0,59889379.0,78173569.0,2.1991489158952504,2.753139175545719,0.45472136642138694,0.82755325,0.202248,2.702073,,,654821.0,16212.0,0.02475791094054711,578683.0,16212.0,679839.0,577736.0,102103.0,0.8498129704238798,17877740.0,16555028.0,1322499.0,1829176.0,630035.0,1198934.0,0.10231584081656854,4237229.0,1699.0,0.00040096959593168084,2953617.0,,,259420.0,0.08783129295369034,2954932.0,260734.0,0.08823688666947327,0.0,0.0,,0.0,0.0,,0.0,0.0,,21919127.0,20530352.0,1388775.0,20530352.0,1388775.0,59816348.0,0.0,34845106.0,2.8421157878101844,333678.0,0.004272666984421075,3296.0,80490.0,90104.0,391378.0,786020.0,45724.0
GEMM,gem5,i1,256,2,binaries/GEMM/stats/gem5/i1/256/t2,0.004674,,,,0.004674,105.22,44422960.0,8772860.0,2.3980815347721824,26009422.0,26009422.0,11209131.0,60605275.0,59978925.0,78318931.0,2.3301277129495612,5.406777296116889,0.4291610259997995,1.4834215,0.299953,2.681253,,,676622.0,19564.0,0.028914223894582203,597546.0,19564.0,707609.0,600885.0,106724.0,0.8491765932881012,17895941.0,16569190.0,1326538.0,1987115.0,773557.0,1213351.0,0.11103718994156273,4255650.0,1880.0,0.00044176565272050096,3028553.0,,,307293.0,0.10146528721802128,3030004.0,308743.0,0.10189524502277884,0.0,0.0,,0.0,0.0,,0.0,0.0,,21940524.0,20544174.0,1396350.0,20544174.0,1396350.0,59817618.0,0.0,34922609.0,3.0131505805857586,387936.0,0.004953777209151514,2997.0,50116.0,90783.0,389782.0,1173447.0,51416.0
GEMM,gem5,i1,256,3,binaries/GEMM/stats/gem5/i1/256/t3,0.003605,,,,0.003605,120.65,29878799.0,8774904.0,2.3980815347721824,26663652.0,26663652.0,8644420.0,68501554.0,67609760.0,88405834.0,2.5690987116093473,7.924366701294014,0.3892415637753269,2.25822375,1.171917,2.638603,,,1104159.0,18769.0,0.01699845764966821,957441.0,18769.0,1127255.0,962936.0,164319.0,0.8542308528238952,20857495.0,19466002.0,1391280.0,3864496.0,2668560.0,1195729.0,0.185280926592575,4620199.0,2214.0,0.0004792001383490192,3022468.0,,,278777.0,0.09223488883918705,3024210.0,280518.0,0.09275744739948615,0.0,0.0,,0.0,0.0,,0.0,0.0,,24332088.0,22893569.0,1438519.0,22893569.0,1438519.0,65757568.0,0.0,41273366.0,3.3276944958627572,580819.0,0.006549668322813254,8967.0,71546.0,103594.0,598458.0,1410712.0,64529.0
GEMM,gem5,i1,256,4,binaries/GEMM/stats/gem5/i1/256/t4,0.00249,,,,0.00249,109.45,22746734.0,8776952.0,2.3980815347721824,23559048.0,23559048.0,5969716.0,60060724.0,59740573.0,78272110.0,2.5493697368416584,10.060901389613845,0.39225381299099893,2.54956975,2.504532,2.573748,,,597928.0,20027.0,0.03349399927750498,583042.0,20027.0,630646.0,586849.0,43797.0,0.9305521639715466,18296920.0,16636956.0,1659751.0,2333441.0,901030.0,1432204.0,0.127531901544085,4130719.0,2073.0,0.0005018496779858421,2953393.0,,,259140.0,0.08774314830434013,2955002.0,260747.0,0.08823919577719407,0.0,0.0,,0.0,0.0,,0.0,0.0,,22274806.0,20610546.0,1664260.0,20610546.0,1664260.0,60311358.0,0.0,35288848.0,3.3448092214931604,461557.0,0.005861823144003868,6615.0,116474.0,55610.0,678104.0,1527266.0,57508.0
GEMM,gem5,i1,512,1,binaries/GEMM/stats/gem5/i1/512/t1,0.080404,,,,0.080404,839.99,95719741.0,8772856.0,2.3980815347721824,198347530.0,198347530.0,192811542.0,466342103.0,465636083.0,600059375.0,2.3511364270581034,2.4186420489287928,0.42532623308944506,0.755144,0.202124,2.412825,,,3489350.0,52727.0,0.015110837261954233,3366929.0,52727.0,3538355.0,3366353.0,172002.0,0.9513892755249261,133922300.0,128661038.0,5261049.0,7463853.0,3624139.0,3839507.0,0.055732712177135546,32246746.0,1678.0,5.2036258170049156e-05,22607225.0,,,9239255.0,0.4086859400036935,22608539.0,9240568.0,0.40872026272905115,0.0,0.0,,0.0,0.0,,0.0,0.0,,165669638.0,160342313.0,5327325.0,160342313.0,5327325.0,469942498.0,0.0,259677103.0,3.3538889896939983,32823204.0,0.04934906821568324,130244.0,1283329.0,403766.0,2763864.0,58594477.0,78753.0
GEMM,gem5,i1,512,2,binaries/GEMM/stats/gem5/i1/512/t2,0.04354,,,,0.04354,927.18,46959235.0,8774908.0,2.3980815347721824,212452968.0,212452968.0,104411543.0,471818596.0,466816326.0,605540572.0,2.220814331009958,4.518835585065532,0.45028527870910795,1.276371,0.296854,2.282135,,,4049463.0,57517.0,0.014203611688759719,3944219.0,57517.0,4126916.0,3950012.0,176904.0,0.9571340923827866,134475010.0,129209383.0,5265414.0,7188210.0,3334880.0,3853123.0,0.05345387221016009,32280448.0,1870.0,5.792980320471389e-05,24222247.0,,,13434381.0,0.554629840906172,24223702.0,13435835.0,0.5546565508442929,0.0,0.0,,0.0,0.0,,0.0,0.0,,166226506.0,160888856.0,5337650.0,160888856.0,5337650.0,469943938.0,0.0,260837651.0,3.3768052701433664,52393306.0,0.07304172640774799,174506.0,2095512.0,450440.0,5282697.0,87805415.0,84550.0
GEMM,gem5,i1,512,3,binaries/GEMM/stats/gem5/i1/512/t3,0.029381,,,,0.029381,875.54,33557845.0,8779004.0,2.3980815347721824,212110526.0,212110526.0,70458812.0,505454641.0,496521045.0,648616521.0,2.3829776415716397,7.173760480094384,0.4196430476538052,2.0817485,1.161541,2.438381,,,5999495.0,74187.0,0.012365540766347834,5860924.0,74187.0,6114029.0,5847507.0,266522.0,0.9564081230232961,147011021.0,141638812.0,5371996.0,16771704.0,12976407.0,3795090.0,0.11408467124379743,35875778.0,2239.0,6.240979638127987e-05,23622347.0,,,1624248.0,0.06875895947172396,23624124.0,1626024.0,0.06882896483272777,0.0,0.0,,0.0,0.0,,0.0,0.0,,175933753.0,170592638.0,5341115.0,170592638.0,5341115.0,492590328.0,0.0,287579830.0,3.0457741875572926,4596248.0,0.007116757259961497,66603.0,2137206.0,579860.0,7465434.0,25837078.0,103052.0
GEMM,gem5,i1,512,4,binaries/GEMM/stats/gem5/i1/512/t4,0.028094,,,,0.028094,1035.0,27144242.0,8777976.0,2.3980815347721824,269161835.0,269161835.0,67370469.0,470401181.0,467178374.0,606092247.0,1.747651857849758,6.982305273843351,0.5721963419135209,1.74765825,1.731078,1.765081,,,3872925.0,58496.0,0.01510382979272772,3811969.0,58496.0,3957334.0,3842947.0,114387.0,0.9710949341147348,136205163.0,129625523.0,6579427.0,9080709.0,3970152.0,5110350.0,0.06666934497923548,32201256.0,2061.0,6.400371463771476e-05,24398505.0,,,14306129.0,0.5863526884126712,24400120.0,14307743.0,0.5863800259998722,0.0,0.0,,0.0,0.0,,0.0,0.0,,167897337.0,161285863.0,6611474.0,161285863.0,6611474.0,471910878.0,0.0,263163902.0,2.7380726245977627,54881635.0,0.07447898635968588,220542.0,6842310.0,467499.0,14821871.0,133016355.0,90414.0
GEMM,gem5,i1,1024,1,binaries/GEMM/stats/gem5/i1/1024/t1,0.608338,,,,0.608338,6503.83,93535333.0,8772856.0,2.3980815347721824,1464381510.0,1464381510.0,1458841702.0,3696164331.0,3694275391.0,4742195624.0,2.5240446603289874,2.533629471883578,0.3961895031879739,0.7850485,0.202076,2.532861,,,24519219.0,369963.0,0.015088694301396794,23850102.0,369963.0,24646262.0,23849606.0,796656.0,0.9676763965261751,1046522742.0,1020252998.0,26269531.0,37222346.0,21885815.0,15336324.0,0.035567641778013075,255504265.0,1676.0,6.559577391007543e-06,177211042.0,,,66269897.0,0.3739603145045555,177212351.0,66271205.0,0.3739649331778235,0.0,0.0,,0.0,0.0,,0.0,0.0,,1300206129.0,1273870322.0,26335807.0,1273870322.0,26335807.0,3735910710.0,0.0,2026220858.0,3.5849903724883827,249663692.0,0.04756453864335284,1144746.0,12565781.0,1844966.0,16415648.0,403363247.0,389783.0
GEMM,gem5,i1,1024,2,binaries/GEMM/stats/gem5/i1/1024/t2,0.338192,,,,0.338192,7799.22,43362225.0,8774908.0,2.3980815347721824,1625622245.0,1625622245.0,811010962.0,3698979869.0,3694970212.0,4745021228.0,2.27542399864244,4.560949287144161,0.4394785326148527,1.28992425,0.299228,2.281711,,,24822995.0,377724.0,0.015216697259939826,24202453.0,377724.0,25011211.0,24207704.0,803507.0,0.9678741265267004,1046892121.0,1020613626.0,26278282.0,39257982.0,23884129.0,15373646.0,0.03749954862827743,255665228.0,1869.0,7.3103410057780714e-06,193380552.0,,,143306095.0,0.7410574306355274,193382009.0,143307551.0,0.7410593764179997,0.0,0.0,,0.0,0.0,,0.0,0.0,,1300499352.0,1274149303.0,26350049.0,1274149303.0,26350049.0,3735914700.0,0.0,2026890253.0,3.7005623991076724,582293285.0,0.09680540182406343,1426116.0,14939007.0,2384538.0,27175818.0,861943574.0,392189.0
GEMM,gem5,i1,1024,3,binaries/GEMM/stats/gem5/i1/1024/t3,0.220448,,,,0.220448,7008.9,31452513.0,8779004.0,2.3980815347721824,1585313837.0,1585313837.0,528648918.0,3863173313.0,3821779889.0,4944437482.0,2.436850813281585,7.307634956702966,0.41036570419070917,2.11901825,1.163215,2.466092,,,35608670.0,435831.0,0.0122394630296498,34184165.0,435831.0,35898785.0,34828308.0,1070477.0,0.9701806899592842,1098290521.0,1071245141.0,27045167.0,80506421.0,65831209.0,14675005.0,0.07330157136082575,261202104.0,2248.0,8.60636252761578e-06,184610710.0,,,22969931.0,0.12442361009282722,184612501.0,22971721.0,0.12443209899420625,0.0,0.0,,0.0,0.0,,0.0,0.0,,1342354608.0,1315236757.0,27117851.0,1315236757.0,27117851.0,3826674650.0,0.0,2135336426.0,3.1858481949274755,94729201.0,0.018760408108911775,993512.0,11709597.0,3199328.0,36288368.0,208825209.0,447952.0
GEMM,gem5,i1,1024,4,binaries/GEMM/stats/gem5/i1/1024/t4,0.237961,,,,0.237961,8628.38,27578833.0,8779004.0,2.3980815347721824,2282267143.0,2282267143.0,570647140.0,3719456530.0,3702649874.0,4773378699.0,1.6297200533285687,6.517962273498821,0.6136023165190749,1.6297205,1.620809,1.647154,,,26783650.0,380446.0,0.014204412020019676,26143605.0,380446.0,26978283.0,26234849.0,743434.0,0.972443242588863,1056383826.0,1024849162.0,31534451.0,42388296.0,22022263.0,20365826.0,0.040125847212658855,255732612.0,2060.0,8.055288623102946e-06,188736633.0,,,146611114.0,0.7768026358719666,188738255.0,146612735.0,0.7768045487121834,0.0,0.0,,0.0,0.0,,0.0,0.0,,1310032885.0,1278406099.0,31626786.0,1278406099.0,31626786.0,3743786000.0,0.0,2042072653.0,2.7530364091124278,586254212.0,0.09331586733678927,2523080.0,33527297.0,2748540.0,59806048.0,1361745768.0,400577.0
GEMM,gem5,i2,64,1,binaries/GEMM/stats/gem5/i2/64/t1,0.00025,,,,0.00025,3.44,72591296.0,8784120.0,2.3980815347721824,2077577.0,2077577.0,599464.0,1377776.0,1232597.0,1754404.0,0.6631648309545206,2.298346522893785,1.5079207360267561,0.60168675,0.201876,1.797978,,,61188.0,1790.0,0.029254102111525137,38938.0,1790.0,68431.0,39963.0,28468.0,0.5839897122649091,419865.0,330670.0,88982.0,17576.0,9846.0,7523.0,0.04186107439295964,117156.0,1556.0,0.013281436716856158,21344.0,,,18857.0,0.8834801349325337,23704.0,20261.0,0.854750253121836,0.0,0.0,,0.0,0.0,,0.0,0.0,,501643.0,394697.0,106946.0,394697.0,106946.0,1036638.0,0.0,886686.0,0.7860950520726789,5651.0,0.0034675774452219716,73.0,2329.0,9032.0,11600.0,24160.0,30074.0
GEMM,gem5,i2,64,2,binaries/GEMM/stats/gem5/i2/64/t2,0.00025,,,,0.00025,3.52,70997652.0,8784124.0,2.3980815347721824,2077577.0,2077577.0,599464.0,1377776.0,1232597.0,1754404.0,0.6631648309545206,2.298346522893785,1.5079207360267561,0.60168675,0.201876,1.797978,,,61188.0,1790.0,0.029254102111525137,38938.0,1790.0,68430.0,39961.0,28469.0,0.58396901943592,419857.0,330662.0,88982.0,17565.0,9835.0,7523.0,0.04183567262186887,117155.0,1557.0,0.013290085783790704,21347.0,,,18857.0,0.8833559750784653,23705.0,20262.0,0.8547563805104408,0.0,0.0,,0.0,0.0,,0.0,0.0,,501643.0,394697.0,106946.0,394697.0,106946.0,1036638.0,0.0,886686.0,0.7860512510486976,5597.0,0.0034346526195899773,77.0,2774.0,9025.0,9766.0,24878.0,30093.0
GEMM,gem5,i2,64,3,binaries/GEMM/stats/gem5/i2/64/t3,0.00025,,,,0.00025,3.5,71328049.0,8784124.0,2.3980815347721824,2077577.0,2077577.0,599464.0,1377776.0,1232597.0,1754404.0,0.6631648309545206,2.298346522893785,1.5079207360267561,0.60168675,0.201876,1.797978,,,61188.0,1790.0,0.029254102111525137,38938.0,1790.0,68430.0,39961.0,28469.0,0.58396901943592,419857.0,330662.0,88982.0,17565.0,9835.0,7523.0,0.04183567262186887,117155.0,1557.0,0.013290085783790704,21347.0,,,18857.0,0.8833559750784653,23705.0,20262.0,0.8547563805104408,0.0,0.0,,0.0,0.0,,0.0,0.0,,501643.0,394697.0,106946.0,394697.0,106946.0,1036638.0,0.0,886686.0,0.7860512510486976,5597.0,0.0034346526195899773,77.0,2774.0,9025.0,9766.0,24878.0,30093.0
GEMM,gem5,i2,64,4,binaries/GEMM/stats/gem5/i2/64/t4,0.00025,,,,0.00025,3.53,70881137.0,8784124.0,2.3980815347721824,2077577.0,2077577.0,599464.0,1377776.0,1232597.0,1754404.0,0.6631648309545206,2.298346522893785,1.5079207360267561,0.60168675,0.201876,1.797978,,,61188.0,1790.0,0.029254102111525137,38938.0,1790.0,68430.0,39961.0,28469.0,0.58396901943592,419857.0,330662.0,88982.0,17565.0,9835.0,7523.0,0.04183567262186887,117155.0,1557.0,0.013290085783790704,21347.0,,,18857.0,0.8833559750784653,23705.0,20262.0,0.8547563805104408,0.0,0.0,,0.0,0.0,,0.0,0.0,,501643.0,394697.0,106946.0,394697.0,106946.0,1036638.0,0.0,886686.0,0.7860512510486976,5597.0,0.0034346526195899773,77.0,2774.0,9025.0,9766.0,24878.0,30093.0
GEMM,gem5,i2,128,1,binaries/GEMM/stats/gem5/i2/128/t1,0.001266,,,,0.001266,19.42,65209370.0,8785148.0,2.3980815347721824,8565195.0,8565195.0,3033199.0,8872523.0,8331967.0,11340906.0,1.0358810278108088,2.9251371242045114,0.9653618254920274,0.790898,0.202284,2.555384,,,230442.0,4390.0,0.01905034672498937,158797.0,4390.0,244295.0,160673.0,83622.0,0.6577007306739803,2611437.0,2274449.0,336775.0,325575.0,104498.0,220870.0,0.12467273765363668,672845.0,1697.0,0.0025221261954833578,322140.0,,,69349.0,0.21527596697088222,332705.0,71655.0,0.2153709742865301,0.0,0.0,,0.0,0.0,,0.0,0.0,,3182752.0,2779711.0,403041.0,2779711.0,403041.0,7746808.0,0.0,5291828.0,1.2702970568679406,59199.0,0.0054476953972729955,280.0,6698.0,34478.0,70173.0,93948.0,34352.0
GEMM,gem5,i2,128,2,binaries/GEMM/stats/gem5/i2/128/t2,0.000693,,,,0.000693,17.25,40184891.0,8786172.0,2.3980815347721824,6329876.0,6329876.0,1661953.0,8738529.0,8276636.0,11211725.0,1.3805213561845446,5.257988041779761,0.7243640205348063,1.36249025,0.297624,2.499026,,,217548.0,3040.0,0.013973927592990973,148078.0,3040.0,229851.0,154592.0,75259.0,0.6725748419628368,2599509.0,2258130.0,341166.0,297951.0,77760.0,219984.0,0.11461818366468438,658766.0,1779.0,0.002700503668981095,136605.0,,,86646.0,0.6342813220599539,147699.0,88889.0,0.6018253339562217,0.0,0.0,,0.0,0.0,,0.0,0.0,,3161079.0,2764000.0,397079.0,2764000.0,397079.0,7748418.0,0.0,5256279.0,1.7158293464200562,45473.0,0.004189379136646836,571.0,14249.0,31947.0,99299.0,147465.0,37073.0
GEMM,gem5,i2,128,3,binaries/GEMM/stats/gem5/i2/128/t3,0.000635,,,,0.000635,21.1,30102714.0,8787196.0,2.3980815347721824,5308546.0,5308546.0,1523182.0,11365775.0,10466619.0,14423403.0,2.1410335334760213,7.461862732096361,0.4670641465276235,2.0577017499999997,1.156351,2.443669,,,404682.0,8332.0,0.020589005688417077,308239.0,8332.0,420383.0,309291.0,111092.0,0.7357362214932573,3467225.0,3114764.0,352248.0,309176.0,97826.0,211143.0,0.08917102293620979,950153.0,2241.0,0.002358567514916019,96048.0,,,50128.0,0.5219057138097618,106532.0,53559.0,0.5027503473134832,0.0,0.0,,0.0,0.0,,0.0,0.0,,3859228.0,3446742.0,412486.0,3446742.0,412486.0,9234888.0,0.0,7181097.0,2.5895446700471276,183750.0,0.013389830767841759,1146.0,18868.0,23876.0,114921.0,203229.0,51956.0
GEMM,gem5,i2,128,4,binaries/GEMM/stats/gem5/i2/128/t4,0.000415,,,,0.000415,15.53,26722133.0,8788220.0,2.3980815347721824,3659871.0,3659871.0,995228.0,7941937.0,7894441.0,10541231.0,2.170004625846102,7.980017644198114,0.46082851072729486,2.17493275,2.006761,2.23729,,,122006.0,3681.0,0.03017064734521253,105198.0,3681.0,137002.0,113927.0,23075.0,0.8315718018715055,2626941.0,2200171.0,426557.0,377931.0,120358.0,257366.0,0.14386733466796553,559215.0,2058.0,0.0036801587940237654,109339.0,,,35719.0,0.32668123908212077,124608.0,38785.0,0.31125609912686186,0.0,0.0,,0.0,0.0,,0.0,0.0,,3135402.0,2705252.0,430150.0,2705252.0,430150.0,7872158.0,0.0,5097051.0,2.9058502335191596,74060.0,0.006969136867787965,1275.0,37667.0,6727.0,168541.0,257054.0,44096.0
GEMM,gem5,i2,256,1,binaries/GEMM/stats/gem5/i2/256/t1,0.008986,,,,0.008986,108.75,82630588.0,8786168.0,2.3980815347721824,27080568.0,27080568.0,21545898.0,60464193.0,59889397.0,78173603.0,2.2327520235173797,2.8062971893768363,0.4478777712289983,0.8405395,0.202172,2.754244,,,654825.0,16215.0,0.02476234108349559,578286.0,16215.0,679416.0,577333.0,102083.0,0.8497489019981866,17877523.0,16554811.0,1322499.0,1595652.0,405118.0,1190327.0,0.08925464674272829,4236217.0,1698.0,0.0004008293248433685,2897158.0,,,223194.0,0.07703894644337658,2935591.0,261408.0,0.08904782716665911,0.0,0.0,,0.0,0.0,,0.0,0.0,,21919133.0,20530356.0,1388777.0,20530356.0,1388777.0,59816348.0,0.0,34845120.0,2.8869628583861315,294657.0,0.0037711551788178767,3502.0,81591.0,51373.0,391219.0,801914.0,45467.0
GEMM,gem5,i2,256,2,binaries/GEMM/stats/gem5/i2/256/t2,0.004632,,,,0.004632,112.26,41260871.0,8788216.0,2.3980815347721824,25810875.0,25810875.0,11108107.0,60583015.0,59973826.0,78296671.0,2.347189508298343,5.453945933362003,0.4260414408229765,1.494931,0.299776,2.703536,,,674357.0,19546.0,0.028984647597637452,596248.0,19546.0,706240.0,599435.0,106805.0,0.8487695400996829,17893577.0,16566824.0,1326540.0,1808281.0,667089.0,1140985.0,0.10105754707401432,4255381.0,1882.0,0.00044226357169898533,2967538.0,,,262793.0,0.08855590054786155,3025374.0,312011.0,0.10313138144242662,0.0,0.0,,0.0,0.0,,0.0,0.0,,21938150.0,20541916.0,1396234.0,20541916.0,1396234.0,59817618.0,0.0,34917746.0,3.0401949565832234,415119.0,0.005294103716042019,3824.0,56403.0,81963.0,440463.0,1005231.0,51305.0
GEMM,gem5,i2,256,3,binaries/GEMM/stats/gem5/i2/256/t3,0.003586,,,,0.003586,131.88,27188215.0,8790264.0,2.3980815347721824,26525451.0,26525451.0,8598446.0,68487904.0,67605670.0,88392184.0,2.5819694451189537,7.965149051351838,0.3873012524956232,2.2685105,1.172274,2.651636,,,1102717.0,18769.0,0.01702068617786794,956378.0,18769.0,1125946.0,961616.0,164330.0,0.8540516152639647,20852293.0,19460800.0,1391280.0,2456414.0,1239691.0,1216516.0,0.11780066585482948,4619421.0,2212.0,0.00047884789024425355,2734541.0,,,261979.0,0.09580364675461074,3127662.0,283654.0,0.0906920249055045,0.0,0.0,,0.0,0.0,,0.0,0.0,,24330407.0,22892129.0,1438278.0,22892129.0,1438278.0,65757568.0,0.0,41269761.0,3.345122953800107,570258.0,0.006430684547564301,6748.0,70244.0,98352.0,639090.0,1304617.0,63775.0
GEMM,gem5,i2,256,4,binaries/GEMM/stats/gem5/i2/256/t4,0.002473,,,,0.002473,118.78,20822947.0,8791292.0,2.3980815347721824,23406301.0,23406301.0,5930780.0,59913649.0,59710713.0,78125035.0,2.5597230848223305,10.102153342393413,0.3906672584739414,2.55988875,2.522886,2.577881,,,582926.0,20087.0,0.03445891931394379,568894.0,20087.0,616284.0,572355.0,43929.0,0.9287195513756644,18282929.0,16622967.0,1659749.0,2222654.0,786480.0,1435967.0,0.12156990819140631,4132647.0,2070.0,0.0005008896235270034,2805846.0,,,239366.0,0.08530974258744065,2847288.0,265940.0,0.0934011592785837,0.0,0.0,,0.0,0.0,,0.0,0.0,,22260399.0,20596487.0,1663912.0,20596487.0,1663912.0,60311358.0,0.0,35259683.0,3.3676293404925453,444719.0,0.005646351735925051,7053.0,124422.0,53269.0,742917.0,1426673.0,57570.0
GEMM,gem5,i2,512,1,binaries/GEMM/stats/gem5/i2/512/t1,0.07987,,,,0.07987,902.69,88479750.0,8787192.0,2.3980815347721824,197067311.0,197067311.0,191531913.0,466342099.0,465636063.0,600059369.0,2.366410221124903,2.4348010297375353,0.42258100099172047,0.75919475,0.202147,2.428945,,,3489348.0,52717.0,0.015107980058165594,3363565.0,52717.0,3535103.0,3362994.0,172109.0,0.9513142898523749,133922764.0,128661506.0,5261045.0,6839760.0,3005187.0,3834366.0,0.051072422609198836,32245380.0,1675.0,5.194542598040401e-05,22299680.0,,,9020126.0,0.4044957595804065,22662719.0,9382302.0,0.4139971907166126,0.0,0.0,,0.0,0.0,,0.0,0.0,,165669631.0,160342308.0,5327323.0,160342308.0,5327323.0,469942498.0,0.0,259677082.0,3.3859139225784634,33099952.0,0.04961448916422182,129816.0,909026.0,411511.0,3992043.0,57105757.0,78871.0
GEMM,gem5,i2,512,2,binaries/GEMM/stats/gem5/i2/512/t2,0.044585,,,,0.044585,1043.15,42740239.0,8790268.0,2.3980815347721824,217478081.0,217478081.0,106917541.0,474968932.0,467440703.0,608690908.0,2.1839853001093936,4.442385482846075,0.45787853972731,1.2567774999999999,0.295845,2.255308,,,4364175.0,57544.0,0.013185539076686887,4259532.0,57544.0,4441355.0,4264257.0,177098.0,0.9601252320519301,134787058.0,129521429.0,5265416.0,6758832.0,2906138.0,3852487.0,0.050144517584173404,32282090.0,1879.0,5.8205649014670365e-05,24024054.0,,,15781982.0,0.6569241810728531,24273918.0,16030298.0,0.6603918658701904,0.0,0.0,,0.0,0.0,,0.0,0.0,,166540246.0,161203631.0,5336615.0,161203631.0,5336615.0,469943938.0,0.0,261464099.0,3.400116685782233,62419869.0,0.08442538492220109,164945.0,2271760.0,469910.0,6696594.0,101333722.0,84229.0
GEMM,gem5,i2,512,3,binaries/GEMM/stats/gem5/i2/512/t3,0.029048,,,,0.029048,972.33,29874857.0,8793336.0,2.3980815347721824,209715463.0,209715463.0,69660148.0,504164260.0,496290848.0,647326140.0,2.40403951519779,7.237484766756453,0.4159665403493695,2.0983287500000003,1.164288,2.445024,,,5871949.0,74194.0,0.01263532772508753,5728040.0,74194.0,5986145.0,5719608.0,266537.0,0.9554743495187638,146879926.0,141507717.0,5371996.0,8409360.0,4617379.0,3791774.0,0.05725329681879061,35886175.0,2248.0,6.264250787385394e-05,21554433.0,,,1653261.0,0.07670166967509653,23662244.0,1981740.0,0.0837511438052959,0.0,0.0,,0.0,0.0,,0.0,0.0,,175811189.0,170465097.0,5346092.0,170465097.0,5346092.0,492590328.0,0.0,287339679.0,3.098618336026085,7010090.0,0.010791168249375654,59375.0,2110382.0,614530.0,8721720.0,24731139.0,105556.0
GEMM,gem5,i2,512,4,binaries/GEMM/stats/gem5/i2/512/t4,0.030087,,,,0.030087,1175.2,25601377.0,8794360.0,2.3980815347721824,288273539.0,288273539.0,72148536.0,478910688.0,468890416.0,614601754.0,1.6613064440853866,6.637843462270669,0.6019359062623384,1.6613235,1.616436,1.724874,,,4724423.0,58490.0,0.012380347822368996,4661444.0,58490.0,4808532.0,4694236.0,114296.0,0.9762305834712133,137045559.0,130465921.0,6579425.0,8417199.0,3292854.0,5124138.0,0.06141898403289376,32216578.0,2062.0,6.4004314797183e-05,24220688.0,,,16782894.0,0.6929156595386555,24412838.0,16970709.0,0.6951551065058474,0.0,0.0,,0.0,0.0,,0.0,0.0,,168750640.0,162137355.0,6613285.0,162137355.0,6613285.0,471910878.0,0.0,264872318.0,2.6853959807944774,66755528.0,0.0862441748063132,271847.0,7745193.0,535009.0,17530361.0,158439307.0,90772.0
GEMM,gem5,i2,1024,1,binaries/GEMM/stats/gem5/i2/1024/t1,0.605628,,,,0.605628,6767.02,89497043.0,8787192.0,2.3980815347721824,1457881582.0,1457881582.0,1452343399.0,3696164246.0,3694275346.0,4742195539.0,2.5352979910270927,2.5449657763755913,0.3944309519193374,0.7879145000000001,0.202117,2.544194,,,24519209.0,369964.0,0.015088741239572614,23850439.0,369964.0,24646404.0,23849868.0,796536.0,0.9676814516227195,1046567736.0,1020297992.0,26269531.0,34493192.0,19156703.0,15336282.0,0.032958394199914455,255495985.0,1677.0,6.563703926697713e-06,175451695.0,,,65428358.0,0.3729137982964485,177830712.0,67783830.0,0.3811705483133869,0.0,0.0,,0.0,0.0,,0.0,0.0,,1300206114.0,1273870312.0,26335802.0,1273870312.0,26335802.0,3735910710.0,0.0,2026220823.0,3.6147927904887958,254235851.0,0.048250366966977,958601.0,11610260.0,1808204.0,19815301.0,404239960.0,390371.0
GEMM,gem5,i2,1024,2,binaries/GEMM/stats/gem5/i2/1024/t2,0.342141,,,,0.342141,8063.53,42430616.0,8790264.0,2.3980815347721824,1644564936.0,1644564936.0,820481320.0,3701544804.0,3695481682.0,4747586163.0,2.2507744893327826,4.511430929347666,0.44429151153940755,1.27749575,0.29917,2.258131,,,25079399.0,377725.0,0.015061166338156668,24458822.0,377725.0,25267355.0,24463810.0,803545.0,0.9681982938063759,1047066471.0,1020787978.0,26278280.0,33445659.0,18098094.0,15347358.0,0.03194225001594956,255745130.0,1868.0,7.304146905944993e-06,189904860.0,,,163848567.0,0.862792911145086,192287269.0,166191866.0,0.8642894917811745,0.0,0.0,,0.0,0.0,,0.0,0.0,,1300755497.0,1274405719.0,26349778.0,1274405719.0,26349778.0,3735914700.0,0.0,2027402267.0,3.813226715907556,681860143.0,0.10874008563501779,1636020.0,15575668.0,2372581.0,31939280.0,980555309.0,392331.0
GEMM,gem5,i2,1024,3,binaries/GEMM/stats/gem5/i2/1024/t3,0.221623,,,,0.221623,7401.04,29944859.0,8793336.0,2.3980815347721824,1595143812.0,1595143812.0,531470395.0,3854497358.0,3818673263.0,4935760511.0,2.416394891171104,7.252515651412719,0.41383964336861795,2.10418925,1.165345,2.436031,,,34667064.0,435645.0,0.012566538660441507,33484360.0,435645.0,34953622.0,33867186.0,1086436.0,0.9689177848292804,1097255840.0,1070211333.0,27044294.0,47601074.0,32810854.0,14790013.0,0.04338192813810861,260751792.0,2216.0,8.498503435021454e-06,175822584.0,,,47580124.0,0.270614405257518,185337137.0,51281903.0,0.27669523674577967,0.0,0.0,,0.0,0.0,,0.0,0.0,,1341168304.0,1314295551.0,26872753.0,1314295551.0,26872753.0,3826674650.0,0.0,2132717399.0,3.3332482783063324,202582507.0,0.03810904698903901,1198021.0,11852379.0,2760259.0,40261466.0,372845079.0,448539.0
GEMM,gem5,i2,1024,4,binaries/GEMM/stats/gem5/i2/1024/t4,0.237112,,,,0.237112,8937.75,26529263.0,8794360.0,2.3980815347721824,2274126005.0,2274126005.0,568611818.0,3719587806.0,3705123959.0,4773509975.0,1.6356120099862277,6.541523915354148,0.6113919400777819,1.6356125000000001,1.628526,1.645871,,,26927915.0,380482.0,0.014129649473418198,25849180.0,380482.0,27121101.0,26377571.0,743530.0,0.9725848150486222,1056473845.0,1024939179.0,31534453.0,39061293.0,18788126.0,20272960.0,0.03697327026586257,256641664.0,2069.0,8.061824287423573e-06,187627565.0,,,165847774.0,0.8839200892470144,188990765.0,167181871.0,0.8846033878956996,0.0,0.0,,0.0,0.0,,0.0,0.0,,1310614262.0,1278550368.0,32063894.0,1278550368.0,32063894.0,3743786000.0,0.0,2043672520.0,2.880305257315766,699831658.0,0.10685182531500985,2850691.0,33585337.0,3038571.0,67796962.0,1464986740.0,401219.0
GEMM,hardware,none,64,1,binaries/GEMM/stats/hardware/64/t1,0.0003,0.001804266,0.00218,1.247,,,,,2.006,4374656.0,,,1414765.0,,,0.32340028564531703,,3.0921432181316333,,,,0.002518096,0.00026199,68252.0,1098.0,0.01608744066107953,69787.0,1098.0,,,,,435698.0,358563.0,77134.0,4047.0,,,0.009288543899673627,375256.0,3237.0,0.008626111241392542,38034.0,25611.0,12423.0,3359.0,0.08831571751590682,,,,421657.0,157.0,0.00037234055168063144,213906.0,103.0,0.0004815199199648444,16849.0,148.0,0.008783904089263458,397571.0,356887.0,76626.0,333271.0,61923.0,,,,,,,,,,,,
GEMM,hardware,none,64,2,binaries/GEMM/stats/hardware/64/t2,0.00029,0.001205732,0.00196,1.704,,,,,2.013,3952531.0,,,1387302.0,,,0.3509907955181123,,2.8490775620593065,,,,0.001361506,0.001101023,86922.0,1039.0,0.01195324543843906,88343.0,1039.0,,,,,478105.0,390298.0,87807.0,4169.0,,,0.008719841875738593,420677.0,3295.0,0.007832612669577847,37165.0,26266.0,10898.0,3419.0,0.09199515673348581,,,,420808.0,163.0,0.00038735005037927037,213016.0,106.0,0.0004976152026138882,16827.0,151.0,0.00897367326320794,471702.0,405104.0,92710.0,381541.0,77978.0,,,,,,,,,,,,
GEMM,hardware,none,64,3,binaries/GEMM/stats/hardware/64/t3,0.00029,0.001786114,0.0034300000000000003,1.992,,,,,2.153,7389476.0,,,1722118.0,,,0.23305008365951793,,4.290923153930219,,,,0.00331156,0.000390413,65044.0,1050.0,0.016142918639690057,66474.0,1050.0,,,,,508367.0,413010.0,95356.0,4121.0,,,0.00810634836643606,459478.0,3358.0,0.007308293324163507,34212.0,26458.0,7754.0,3264.0,0.09540512101017187,,,,420015.0,161.0,0.000383319643346071,212420.0,98.0,0.00046135015535260336,17476.0,139.0,0.00795376516365301,422701.0,348816.0,73884.0,325104.0,59152.0,,,,,,,,,,,,
GEMM,hardware,none,64,4,binaries/GEMM/stats/hardware/64/t4,0.00029,0.001249218,0.0020800000000000003,1.755,,,,,1.577,3285062.0,,,1365911.0,,,0.41579458774294065,,2.4050337101026344,,,,0.001730986,0.000876083,91274.0,1066.0,0.011679120012270745,92687.0,1066.0,,,,,442360.0,363578.0,78782.0,4234.0,,,0.00957138981824758,383010.0,3232.0,0.008438421973316623,35998.0,25846.0,10152.0,3271.0,0.09086615923106839,,,,437532.0,159.0,0.000363401991168646,225940.0,106.0,0.0004691511020624945,16411.0,151.0,0.00920114557309122,409599.0,356859.0,76612.0,333364.0,61914.0,,28.0,,,,,,,,,,
GEMM,hardware,none,128,1,binaries/GEMM/stats/hardware/128/t1,0.00149,0.002455176,0.00646,2.691,,,,,2.264,14615490.0,,,8727177.0,,,0.5971183313046637,,1.6747099319745664,,,,0.006914106,0.003623193,250944.0,1320.0,0.0052601377199693955,252574.0,1320.0,,,,,2603001.0,2329130.0,273871.0,30525.0,,,0.01172684912529807,2242929.0,3605.0,0.0016072733465927812,375642.0,196933.0,178709.0,4011.0,0.010677719743798617,,,,2686573.0,216.0,8.03998253537127e-05,1276221.0,109.0,8.540840497061246e-05,35408.0,159.0,0.004490510619069137,2206550.0,2326533.0,272921.0,2143792.0,212216.0,,,,,,,,,,,,
GEMM,hardware,none,128,2,binaries/GEMM/stats/hardware/128/t2,0.00089,0.002784778,0.00508,1.859,,,,,2.183,11079171.0,,,9005226.0,,,0.8128068426780307,,1.2303046031271174,,,,0.00486368,0.00020248,224562.0,1589.0,0.007075996829383422,227027.0,1589.0,,,,,2571373.0,2313929.0,257443.0,28463.0,,,0.011069183661802469,2264868.0,3634.0,0.0016045085188187568,227653.0,144303.0,83349.0,11484.0,0.050445195099559414,,,,2533553.0,249.0,9.828095169116256e-05,1175215.0,112.0,9.530171075079879e-05,81937.0,196.0,0.0023920817213224795,2455379.0,2266934.0,253275.0,2084927.0,192901.0,,,,,,,,,,,,
GEMM,hardware,none,128,3,binaries/GEMM/stats/hardware/128/t3,0.00058,0.001491975,0.00309,2.151,,,,,2.048,6332612.0,,,10943001.0,,,1.7280390777139039,,0.5786906169523333,,,,0.002626656,0.00093401,379595.0,2099.0,0.005529577576100844,382816.0,2099.0,,,,,3372524.0,3096272.0,276251.0,52790.0,,,0.01565296496036796,2829951.0,4119.0,0.0014555022330775338,207454.0,96644.0,110809.0,32718.0,0.15771207110974,,,,3378105.0,284.0,8.407080300937952e-05,1680727.0,115.0,6.842277181243593e-05,1367.0,213.0,0.15581565471836137,3602819.0,3235407.0,270534.0,3102352.0,214663.0,,1189.0,,,,,,,,,,
GEMM,hardware,none,128,4,binaries/GEMM/stats/hardware/128/t4,0.0005,0.001394239,0.00275,2.056,,,,,1.95,5362068.0,,,8721341.0,,,1.6264883250268367,,0.6148215050873483,,,,0.00289667,0.00027189,155855.0,1837.0,0.01178659651599243,159480.0,1837.0,,,,,2636085.0,2362483.0,273601.0,33480.0,,,0.012700652672429,2359392.0,4006.0,0.0016978950509283748,236701.0,142609.0,94092.0,16114.0,0.06807744791952716,,,,2554862.0,295.0,0.00011546611910936873,1195486.0,112.0,9.368574788830651e-05,70158.0,231.0,0.003292568203198495,2501793.0,2234642.0,267150.0,2034985.0,186773.0,,,,,,,,,,,,
GEMM,hardware,none,256,1,binaries/GEMM/stats/hardware/256/t1,0.00984,0.010870616,0.015880000000000002,1.47,,,,,2.317,36806701.0,,,60520998.0,,,1.6442929237260357,,0.6081641449468497,,,,0.01431498,0.002015063,691968.0,2415.0,0.003490045782463929,694119.0,2415.0,,,,,17605212.0,16682598.0,922613.0,87955.0,,,0.004995963695296597,15319504.0,4219.0,0.00027540056127143544,5652697.0,2814603.0,2838094.0,22711.0,0.0040177281747102314,,,,17504014.0,1370.0,7.82677618973568e-05,7833458.0,123.0,1.5701877765860238e-05,77543.0,279.0,0.0035980036882761824,17593800.0,13425320.0,881384.0,15213102.0,652820.0,,212.0,,,,,,,,,,
GEMM,hardware,none,256,2,binaries/GEMM/stats/hardware/256/t2,0.00568,0.006749649,0.01531,2.29,,,,,2.283,34939999.0,,,63578782.0,,,1.8196560910033226,,0.5495543937913123,,,,0.013379046,0.002349093,897974.0,3166.0,0.003525714552982603,901028.0,3166.0,,,,,17701091.0,16783075.0,918015.0,115161.0,,,0.00650587017489487,15598541.0,4334.0,0.0002778464985924004,5801489.0,2930277.0,2871212.0,40044.0,0.006902365927092166,,,,17917467.0,1857.0,0.00010364188196914217,8555649.0,115.0,1.34414116334132e-05,165103.0,325.0,0.0019684681683555115,14161644.0,16518762.0,909798.0,15394060.0,666355.0,,347.0,,,,,,,,,,
GEMM,hardware,none,256,3,binaries/GEMM/stats/hardware/256/t3,0.00405,0.004878948,0.01351,2.805,,,,,2.257,30482928.0,,,69978547.0,,,2.2956635596160577,,0.4356039001495702,,,,0.01230738,0.001528006,1203191.0,2643.0,0.0021966587183580993,1207831.0,2643.0,,,,,21128543.0,20179352.0,949191.0,246712.0,,,0.011676716184357814,18773130.0,4999.0,0.00026628484434934396,6242458.0,3086491.0,3155966.0,110607.0,0.017718501269852357,,,,21797294.0,2462.0,0.00011294980009903982,11437181.0,133.0,1.1628739634355703e-05,6104.0,477.0,0.07814547837483617,19683795.0,20109445.0,949783.0,18751064.0,717537.0,,29847.0,,,,,,,,,,
GEMM,hardware,none,256,4,binaries/GEMM/stats/hardware/256/t4,0.00279,0.008233916,0.022420000000000002,2.745,,,,,2.292,51395720.0,,,119209857.0,,,2.3194510554575363,,0.4311364957010224,,,,0.017280776,0.003079686,3249124.0,3850.0,0.0011849347701103437,3253501.0,3850.0,,,,,18022700.0,17000196.0,1022503.0,130200.0,,,0.007224222785709134,15847731.0,4331.0,0.0002732883338315119,5872664.0,2961392.0,2911271.0,45375.0,0.007726476433863746,,,,19298095.0,1577.0,8.171791049841966e-05,10531906.0,122.0,1.1583848165754612e-05,185175.0,411.0,0.002219522073714054,16450852.0,16858588.0,1016749.0,15389378.0,691964.0,,346.0,,,,,,,,,,
GEMM,hardware,none,512,1,binaries/GEMM/stats/hardware/512/t1,0.07948,0.081012437,0.08608,1.063,,,,,2.367,203716772.0,,,466400342.0,,,2.2894548024744865,,0.4367852114482369,,,,0.08430277,0.002253223,3499176.0,4620.0,0.0013203108388946427,3502631.0,4620.0,,,,,132094629.0,128720834.0,3373794.0,326896.0,,,0.002474710762085565,116862859.0,4521.0,3.868637168974276e-05,43949279.0,21748497.0,22200782.0,357103.0,0.008125343762749782,,,,132040047.0,29602.0,0.00022418955970229245,59393988.0,151.0,2.5423448582034934e-06,47895.0,770.0,0.01607683474266625,131574121.0,127076615.0,3362651.0,116217309.0,2397488.0,,184.0,,,,,,,,,,
GEMM,hardware,none,512,2,binaries/GEMM/stats/hardware/512/t2,0.04091,0.042712099,0.08694,2.039,,,,,2.347,204034161.0,,,476016745.0,,,2.333024737950622,,0.42862811685332625,,,,0.085203753,0.001961703,5332457.0,5873.0,0.001101368468606498,5338108.0,5873.0,,,,,132969116.0,129589863.0,3379253.0,344386.0,,,0.0025899698393121603,119060219.0,5679.0,4.7698551604377615e-05,43986879.0,21769978.0,22216901.0,323154.0,0.007346599880387058,,,,133297164.0,30658.0,0.000229997391392363,61836514.0,160.0,2.5874679804880334e-06,59024.0,1117.0,0.01892450528598536,132450060.0,128256429.0,3471617.0,118329012.0,2392351.0,,345.0,,,,,,,,,,
GEMM,hardware,none,512,3,binaries/GEMM/stats/hardware/512/t3,0.0291,0.032523679,0.09232,2.845,,,,,2.337,215778563.0,,,530720093.0,,,2.4595589368161654,,0.406576961841164,,,,0.088705056,0.005169283,7998773.0,9317.0,0.0011648036517600887,8006148.0,9317.0,,,,,145989097.0,142423890.0,3565207.0,778286.0,,,0.005331124145524374,128774553.0,7058.0,5.48089652464179e-05,45716009.0,22672896.0,23043112.0,574621.0,0.01256936054938654,,,,149020686.0,35560.0,0.0002386245893405698,73898380.0,166.0,2.2463279979885893e-06,47023.0,1509.0,0.03209067902941114,149235825.0,143786209.0,3565983.0,133447915.0,2622097.0,,60772.0,,,,,,,,,,
GEMM,hardware,none,512,4,binaries/GEMM/stats/hardware/512/t4,0.06561,0.063393607,0.24356,3.846,,,,,2.35,572451274.0,,,551559253.0,,,0.9635042807154273,,1.037878108084246,,,,0.243578443,0.00630212,17559863.0,6873.0,0.0003914039648259215,17567637.0,6873.0,,,,,142257058.0,138141154.0,4115903.0,4603347.0,,,0.0323593575230552,136778087.0,8536.0,6.240765744881342e-05,44628820.0,22027348.0,22601472.0,4980094.0,0.1115891928130746,,,,145980625.0,55251.0,0.0003784817334492163,81382794.0,182.0,2.2363449453455725e-06,109989.0,1706.0,0.015510641973288239,143733063.0,139807784.0,4085441.0,130675323.0,2859829.0,,470.0,,,,,,,,,,
GEMM,hardware,none,1024,1,binaries/GEMM/stats/hardware/1024/t1,0.62151,0.637300987,0.64258,1.008,,,,,2.389,1535261641.0,,,3696220451.0,,,2.4075508384306725,,0.4153598686422072,,,,0.640152453,0.002620986,24530604.0,24698.0,0.001006823965687922,24537429.0,24698.0,,,,,1035833345.0,1019997156.0,15836189.0,2363382.0,,,0.002281623787656691,924969633.0,6134.0,6.631569060386656e-06,348196049.0,173187697.0,175008352.0,2500735.0,0.007181974083801278,,,,1035835197.0,226068.0,0.00021824707313937701,469370908.0,156.0,3.3235975502768056e-07,285749.0,3253.0,0.011384116829805179,1039250442.0,1018771186.0,15877020.0,932845230.0,10647122.0,,172.0,,,,,,,,,,
GEMM,hardware,none,1024,2,binaries/GEMM/stats/hardware/1024/t2,0.32151,0.328399358,0.65727,2.002,,,,,2.351,1545180013.0,,,3757814196.0,,,2.4319588425843817,,0.4111911692293793,,,,0.65322318,0.00122653,28987210.0,26108.0,0.0009006730899593303,28999150.0,26108.0,,,,,1042839140.0,1026982532.0,15856608.0,2414392.0,,,0.0023152103784673827,942425859.0,6829.0,7.246193358113277e-06,348281685.0,173245190.0,175036494.0,2652790.0,0.007616794434654237,,,,1039566746.0,231287.0,0.00022248403086183366,476714076.0,170.0,3.5660788837290385e-07,326539.0,6255.0,0.019155445444495146,1041890136.0,1024119331.0,15920264.0,937605282.0,10648374.0,,350.0,,,,,,,,,,
GEMM,hardware,none,1024,3,binaries/GEMM/stats/hardware/1024/t3,0.23849,0.234067958,0.69549,2.972,,,,,2.371,1649178708.0,,,3903985679.0,,,2.3672302219657326,,0.4224346203089645,,,,0.696032873,0.007572063,38192841.0,50358.0,0.0013185193528808187,38210869.0,50358.0,,,,,1090208967.0,1073936910.0,16272057.0,4340785.0,,,0.00398160823419461,977001807.0,11963.0,1.2244603760492329e-05,360085086.0,180083685.0,180001400.0,2847396.0,0.007907564380492005,,,,1085642337.0,304870.0,0.0002808199253194747,495800340.0,212.0,4.275914776500557e-07,2010831.0,10739.0,0.005340578099303223,1094806989.0,1076406754.0,16189542.0,998974595.0,11078728.0,,143559.0,,,,,,,,,,
GEMM,hardware,none,1024,4,binaries/GEMM/stats/hardware/1024/t4,0.51268,0.493592838,1.95292,3.957,,,,,2.38,4648720569.0,,,4104594442.0,,,0.8829514231015506,,1.1325651376009926,,,,1.93270089,0.00051843,66106990.0,29335.0,0.00044375035075715897,66124959.0,29335.0,,,,,1093006338.0,1074054904.0,18951434.0,38208218.0,,,0.034956995830338906,1037837009.0,13483.0,1.2991442666889902e-05,352852461.0,175278625.0,177573835.0,41515563.0,0.1176570028230581,,,,1093380515.0,423005.0,0.0003868781217488589,564053188.0,307.0,5.442749133083528e-07,627758.0,7629.0,0.012152772246630071,1080617764.0,1061051006.0,19064322.0,973205969.0,12217455.0,,583.0,,,,,,,,,,
