algorithm,backend,iteration,problem_size,threads,source_path,runtime_sec,perf_duration_sec,task_clock_sec,cpus_utilized,sim_seconds,host_seconds,host_tick_rate,host_memory_bytes,clock_ghz,cycles,cycles_sum,cycles_max,instructions,instructions_not_nop,ops,ipc,ipc_wall,cpi,core_ipc_mean,core_ipc_min,core_ipc_max,user_time_sec,system_time_sec,branches,branch_misses,branch_miss_rate,branch_predicted,branch_mispredicted,btb_lookups,btb_hits,btb_misses,btb_hit_rate,l1d_accesses,l1d_reads,l1d_writes,l1d_misses,l1d_read_misses,l1d_write_misses,l1d_miss_rate,l1i_accesses,l1i_misses,l1i_miss_rate,l2d_accesses,l2d_reads,l2d_writes,l2d_misses,l2d_miss_rate,l2_accesses_total,l2_misses_total,l2_miss_rate_total,l1d_tlb_accesses,l1d_tlb_misses,l1d_tlb_miss_rate,l1i_tlb_accesses,l1i_tlb_misses,l1i_tlb_miss_rate,l2d_tlb_accesses,l2d_tlb_misses,l2d_tlb_miss_rate,mem_accesses,mem_reads,mem_writes,load_insts,store_insts,vec_insts,fp_insts,int_insts,issue_rate,fu_busy,fu_busy_rate,iq_full_events,lsq_full_events,rob_full_events,sq_full_events,dcache_blocked_no_mshrs_cycles,icache_stall_cycles
BFS,gem5,i1,512,1,binaries/BFS/stats/gem5/i1/512/t1,0.001244,,,,0.001244,7.03,176858866.0,8793708.0,2.3980815347721824,2982456.0,2982456.0,2982456.0,3843051.0,3828664.0,4189227.0,1.2885524547554097,1.2885524547554097,0.7760646423896014,1.288552,1.288552,1.288552,,,927274.0,62220.0,0.0670999079020872,676409.0,62220.0,1254809.0,768100.0,486709.0,0.6121250325746787,1298630.0,807237.0,489860.0,28442.0,6994.0,21052.0,0.021901542394677467,834066.0,41996.0,0.050350931461059435,6263.0,,,3068.0,0.4898610889350152,43880.0,6951.0,0.15840929808568824,0.0,0.0,,0.0,0.0,,0.0,0.0,,1343143.0,835991.0,507152.0,835991.0,507152.0,99721.0,0.0,3659733.0,1.6000671929443384,41730.0,0.008975544705654615,609.0,336.0,13528.0,43177.0,22764.0,514937.0
BFS,gem5,i1,1024,1,binaries/BFS/stats/gem5/i1/1024/t1,0.001818,,,,0.001818,11.21,162172689.0,8793708.0,2.3980815347721824,4360670.0,4360670.0,4360670.0,6595989.0,6571269.0,7015496.0,1.5126090715417584,1.5126090715417584,0.6611093499397892,1.512609,1.512609,1.512609,,,1687883.0,96302.0,0.057054902502128406,1247896.0,96302.0,2281278.0,1496195.0,785083.0,0.6558582513836543,2030876.0,1336900.0,690734.0,78895.0,36474.0,41174.0,0.03884776815521972,1423220.0,43977.0,0.03089965008923427,19312.0,,,5011.0,0.25947597348798673,58727.0,8954.0,0.15246820031671973,0.0,0.0,,0.0,0.0,,0.0,0.0,,2124710.0,1405613.0,719097.0,1405613.0,719097.0,156598.0,0.0,6038832.0,1.843253444998131,65171.0,0.008344576422253416,618.0,336.0,25646.0,84704.0,37896.0,562692.0
BFS,gem5,i1,2048,1,binaries/BFS/stats/gem5/i1/2048/t1,0.003139,,,,0.003139,20.72,151538199.0,8794732.0,2.3980815347721824,7528115.0,7528115.0,7528115.0,12786461.0,12726506.0,13450967.0,1.698494377410547,1.698494377410547,0.5887567326095938,1.698494,1.698494,1.698494,,,3265945.0,164272.0,0.05029845879217194,2588971.0,164272.0,4407847.0,3077971.0,1329876.0,0.6982935206235606,3783471.0,2593159.0,1181923.0,221891.0,135038.0,84849.0,0.058647469479744925,2825974.0,54479.0,0.01927795514042238,54824.0,,,9073.0,0.16549321465051803,103838.0,13258.0,0.12767965484697316,0.0,0.0,,0.0,0.0,,0.0,0.0,,3989871.0,2745117.0,1244754.0,2745117.0,1244754.0,312884.0,0.0,11403912.0,2.0437409630432053,138597.0,0.009263740593607413,915.0,337.0,49671.0,162050.0,62077.0,733420.0
BFS,gem5,i1,4096,1,binaries/BFS/stats/gem5/i1/4096/t1,0.005039,,,,0.005039,34.75,145011277.0,8794736.0,2.3980815347721824,12082870.0,12082870.0,12082870.0,22649676.0,22546433.0,23531662.0,1.8745278232737752,1.8745278232737752,0.5334676752108949,1.874528,1.874528,1.874528,,,5838712.0,225450.0,0.038612968065559666,4590068.0,225450.0,7493807.0,5441210.0,2052597.0,0.7260942268729366,6361733.0,4489469.0,1860353.0,495141.0,322903.0,167342.0,0.0778311507257535,4703416.0,54802.0,0.011651531567694629,109319.0,,,30846.0,0.2821650399290151,158584.0,35525.0,0.22401377188114815,0.0,0.0,,0.0,0.0,,0.0,0.0,,6861625.0,4896827.0,1964798.0,4896827.0,1964798.0,536196.0,0.0,19816084.0,2.190367023728634,252539.0,0.0097751906274231,1786.0,1054.0,111319.0,319975.0,130749.0,793680.0
BFS,gem5,i1,8192,1,binaries/BFS/stats/gem5/i1/8192/t1,0.010388,,,,0.010388,68.71,151182477.0,8795760.0,2.3980815347721824,24911357.0,24911357.0,24911357.0,44986182.0,44800674.0,46308374.0,1.8058503195951952,1.8058503195951952,0.5537557510437316,1.80585,1.80585,1.80585,,,11970555.0,565767.0,0.04726322213130469,9696000.0,565767.0,16675817.0,12010484.0,4665333.0,0.7202336173394083,12258301.0,8929907.0,3302439.0,1373166.0,991484.0,359553.0,0.11201927575444591,9826134.0,58214.0,0.005924405264573026,264284.0,,,118297.0,0.4476131737070727,315882.0,130380.0,0.41274906452409443,0.0,0.0,,0.0,0.0,,0.0,0.0,,12989287.0,9492745.0,3496542.0,9492745.0,3496542.0,965820.0,0.0,38875258.0,2.166647003613653,554677.0,0.01062151519142633,8297.0,6294.0,271167.0,624242.0,325139.0,1127027.0
BFS,gem5,i2,512,1,binaries/BFS/stats/gem5/i2/512/t1,0.002033,,,,0.002033,7.65,265832735.0,8808044.0,2.3980815347721824,4875904.0,4875904.0,4875904.0,3843038.0,3828651.0,4189212.0,0.7881693322920221,0.7881693322920221,1.268762890192603,0.788169,0.788169,0.788169,,,927270.0,62912.0,0.06784647405825703,604675.0,62912.0,1109273.0,669227.0,440046.0,0.6033023430661343,1309247.0,817856.0,489858.0,23633.0,4341.0,18892.0,0.0180508337998865,742216.0,39200.0,0.05281481401640493,5536.0,,,3008.0,0.5433526011560693,42818.0,6902.0,0.16119389041991686,0.0,0.0,,0.0,0.0,,0.0,0.0,,1343140.0,835990.0,507150.0,835990.0,507150.0,99721.0,0.0,3659722.0,0.924483336833539,16893.0,0.003784880418794677,12.0,494.0,694.0,14040.0,20138.0,2634286.0
BFS,gem5,i2,1024,1,binaries/BFS/stats/gem5/i2/1024/t1,0.00318,,,,0.00318,12.25,259511220.0,8808044.0,2.3980815347721824,7625422.0,7625422.0,7625422.0,6595854.0,6571134.0,7015340.0,0.864982160987287,0.864982160987287,1.156093206429372,0.864982,0.864982,0.864982,,,1687868.0,97014.0,0.057477243481125304,1120902.0,97014.0,2025690.0,1314984.0,710706.0,0.6491536217288923,2054869.0,1360911.0,690716.0,53422.0,15095.0,37030.0,0.02599776433436876,1269933.0,41069.0,0.032339501375269405,14891.0,,,4934.0,0.33134107850379424,57694.0,8877.0,0.15386348667105765,0.0,0.0,,0.0,0.0,,0.0,0.0,,2124669.0,1405590.0,719079.0,1405590.0,719079.0,156598.0,0.0,6038686.0,0.995277507264516,23899.0,0.0031801442116026098,23.0,455.0,1055.0,27565.0,34338.0,4222525.0
BFS,gem5,i2,2048,1,binaries/BFS/stats/gem5/i2/2048/t1,0.00581,,,,0.00581,22.87,254083231.0,8809068.0,2.3980815347721824,13931988.0,13931988.0,13931988.0,12786461.0,12726506.0,13450967.0,0.9177772045166849,0.9177772045166849,1.0895890583015895,0.917777,0.917777,0.917777,,,3265945.0,164873.0,0.05048247903746083,2290232.0,164873.0,3857162.0,2663163.0,1193999.0,0.6904462400075496,3812621.0,2622309.0,1181923.0,110098.0,31761.0,76067.0,0.028877247436868234,2478160.0,50894.0,0.020537011330987506,30779.0,,,8884.0,0.2886383573215504,106454.0,13157.0,0.12359328912018337,0.0,0.0,,0.0,0.0,,0.0,0.0,,3989871.0,2745117.0,1244754.0,2745117.0,1244754.0,312884.0,0.0,11403912.0,1.0360624054513972,45622.0,0.003187090571648307,53.0,446.0,1795.0,51412.0,58243.0,7938928.0
BFS,gem5,i2,4096,1,binaries/BFS/stats/gem5/i2/4096/t1,0.009618,,,,0.009618,39.92,240955031.0,8809072.0,2.3980815347721824,23064859.0,23064859.0,23064859.0,22649663.0,22546420.0,23531649.0,0.9819987627065052,0.9819987627065052,1.0183312219700575,0.981999,0.981999,0.981999,,,5838706.0,225957.0,0.03869984205404417,4169453.0,225957.0,6729081.0,4829064.0,1900017.0,0.7176409378933022,6467277.0,4595013.0,1860353.0,214020.0,61967.0,147291.0,0.03309275294687393,4210666.0,51108.0,0.01213774733023232,54248.0,,,22496.0,0.41468809910042764,157619.0,35448.0,0.22489674468179596,0.0,0.0,,0.0,0.0,,0.0,0.0,,6861621.0,4896823.0,1964798.0,4896823.0,1964798.0,536196.0,0.0,19816074.0,1.0856042519054636,73574.0,0.00295996869048803,473.0,1163.0,5991.0,96901.0,122654.0,13135906.0
BFS,gem5,i2,8192,1,binaries/BFS/stats/gem5/i2/8192/t1,0.019284,,,,0.019284,75.23,256317696.0,8811116.0,2.3980815347721824,46243509.0,46243509.0,46243509.0,44986196.0,44800689.0,46308388.0,0.97281103819349,0.97281103819349,1.0279488623576887,0.972811,0.972811,0.972811,,,11970553.0,566636.0,0.04733582483616254,8590640.0,566636.0,14522785.0,10393228.0,4129557.0,0.7156497875579649,12377499.0,9049103.0,3302441.0,459321.0,137703.0,299726.0,0.03710935464426214,8588981.0,54287.0,0.006320540236379612,108704.0,,,70492.0,0.6484765969973506,326500.0,130867.0,0.4008177641653905,0.0,0.0,,0.0,0.0,,0.0,0.0,,12989293.0,9492749.0,3496544.0,9492749.0,3496544.0,965820.0,0.0,38875273.0,1.090825806493188,132536.0,0.002652155505689009,710.0,6029.0,14744.0,201841.0,304969.0,26151039.0
BFS,hardware,none,512,1,binaries/BFS/stats/hardware/512/t1,0.00472,0.007893073,0.00701,0.898,,,,,0.517,3626132.0,,,4934826.0,,,1.3609063321467614,,0.7348044287681065,,,,0.00144999,0.006470833,1156881.0,35111.0,0.03034970753258114,1191241.0,35111.0,,,,,1702959.0,1127288.0,575671.0,40387.0,,,0.02371577941688555,1927327.0,58442.0,0.030322825343078782,182524.0,106078.0,76445.0,38761.0,0.21236111415485087,,,,1690453.0,4281.0,0.002532457276244888,1659605.0,2873.0,0.0017311348182248185,9580.0,609.0,0.06356993736951984,665019.0,1142028.0,573205.0,1238144.0,603008.0,,9631.0,,,,,,,,,,
BFS,hardware,none,1024,1,binaries/BFS/stats/hardware/1024/t1,0.00542,0.006305393,0.00566,0.906,,,,,0.991,5609304.0,,,7308141.0,,,1.30286056879784,,0.7675418413519937,,,,0.001744453,0.0044065,1803094.0,75352.0,0.041790389186587056,1866772.0,75352.0,,,,,2505029.0,1717701.0,787327.0,47951.0,,,0.019141894165696286,3098214.0,61032.0,0.019699091153806678,213520.0,121699.0,91820.0,42041.0,0.19689490445859872,,,,2512969.0,3275.0,0.0013032393157257412,2760051.0,3202.0,0.001160123490471734,9016.0,598.0,0.0663265306122449,1487474.0,1679235.0,788137.0,1954539.0,846465.0,,14690.0,,,,,,,,,,
BFS,hardware,none,2048,1,binaries/BFS/stats/hardware/2048/t1,0.00701,0.007723387,0.00718,0.938,,,,,1.242,8922954.0,,,12647867.0,,,1.417452897325258,,0.7054908151706528,,,,0.004307953,0.003322173,3121652.0,146866.0,0.04704752483620852,3260520.0,146866.0,,,,,4232558.0,2978165.0,1254393.0,61670.0,,,0.014570385095726982,5674278.0,70769.0,0.012471895102777833,301756.0,169324.0,132432.0,47381.0,0.15701759037102825,,,,4236395.0,4268.0,0.0010074603524930985,5119640.0,3777.0,0.0007377471853489699,10929.0,674.0,0.061670784152255465,3798007.0,2694575.0,1254235.0,3453080.0,1371112.0,,15636.0,,,,,,,,,,
BFS,hardware,none,4096,1,binaries/BFS/stats/hardware/4096/t1,0.00934,0.009935256,0.00929,0.94,,,,,1.469,13635681.0,,,21313846.0,,,1.5630936218000406,,0.6397569448517175,,,,0.005707276,0.00399798,5337483.0,201598.0,0.03777023739466711,5506795.0,201598.0,,,,,7019388.0,5092208.0,1927180.0,79467.0,,,0.011321072435374708,9197787.0,71980.0,0.007825795487544994,419169.0,222428.0,196741.0,49090.0,0.11711266816009772,,,,6999389.0,4763.0,0.000680487968306948,8345934.0,3822.0,0.00045794754667362575,11654.0,736.0,0.06315428179165952,6024943.0,4685370.0,1924333.0,5724404.0,2085705.0,,14262.0,,,,,,,,,,
BFS,hardware,none,8192,1,binaries/BFS/stats/hardware/8192/t1,0.01528,0.015839262,0.01526,0.967,,,,,1.805,27549975.0,,,40821090.0,,,1.4817106004633398,,0.6748956238062237,,,,0.010811783,0.004971893,10609791.0,565065.0,0.05325882479683153,11043952.0,565065.0,,,,,13616908.0,9983115.0,3633792.0,131782.0,,,0.009677821132374545,19472388.0,74296.0,0.0038154539648655316,761581.0,381036.0,380545.0,66934.0,0.0878882220013367,,,,13615419.0,7793.0,0.0005723657861722801,17407162.0,4173.0,0.00023972891158248542,15343.0,777.0,0.05064198657368181,11331507.0,10282399.0,3558536.0,11881583.0,4078728.0,,13747.0,,,,,,,,,,
BFS,hardware,none,16384,1,binaries/BFS/stats/hardware/16384/t1,0.02648,0.027297497,0.0268,0.984,,,,,2.029,54372397.0,,,84885401.0,,,1.5611855589151238,,0.6405388483704048,,,,0.019711946,0.007502413,21549147.0,1020049.0,0.04733593399311815,22591691.0,1020049.0,,,,,26813452.0,19928977.0,6884475.0,305998.0,,,0.011412107624188038,39890175.0,86114.0,0.002158777192629513,1512981.0,724504.0,788476.0,141742.0,0.09368392597131094,,,,26862222.0,9157.0,0.0003408876600007252,36477371.0,4764.0,0.00013060151730781257,18047.0,1073.0,0.059455865240760235,26389223.0,18653478.0,6883812.0,24357188.0,7874798.0,,33597.0,,,,,,,,,,
FFT,gem5,i1,128,1,binaries/FFT/stats/gem5/i1/128/t1,0.000419,,,,0.000419,2.12,197553923.0,8773944.0,2.3980815347721824,1004856.0,1004856.0,1004856.0,1113481.0,1113283.0,1370065.0,1.1081000660791198,1.1081000660791198,0.9024455738355661,1.1081,1.1081,1.1081,,,226596.0,6027.0,0.026597998199438647,149902.0,6027.0,253320.0,145028.0,108292.0,0.5725090794252329,452407.0,247334.0,205064.0,36690.0,11521.0,25160.0,0.0810995409001187,254255.0,2436.0,0.00958093252836719,9241.0,,,4104.0,0.44410778054323125,11327.0,6113.0,0.5396839410258674,0.0,0.0,,0.0,0.0,,0.0,0.0,,456904.0,251792.0,205112.0,251792.0,205112.0,76562.0,0.0,1249170.0,1.463463421624591,19085.0,0.013082715528912561,242.0,2617.0,6348.0,57147.0,51667.0,42919.0
FFT,gem5,i1,128,2,binaries/FFT/stats/gem5/i1/128/t2,0.000496,,,,0.000496,3.35,148184641.0,8780556.0,2.3980815347721824,1448178.0,1448178.0,1189801.0,1983906.0,1983473.0,2270329.0,1.36993242543389,1.6674267377485814,0.7299630123604647,1.8942745,1.079028,2.709521,,,494320.0,7123.0,0.014409694125262988,311172.0,7123.0,554215.0,304233.0,249982.0,0.548944001876528,643988.0,410990.0,232986.0,43127.0,14830.0,28286.0,0.06696863916718945,322445.0,2864.0,0.00888213493774132,10508.0,,,4879.0,0.4643129044537495,12951.0,7207.0,0.5564821249324376,0.0,0.0,,0.0,0.0,,0.0,0.0,,640104.0,405600.0,234504.0,405600.0,234504.0,87693.0,0.0,1895624.0,1.7067687811857382,35746.0,0.01459302142821859,415.0,2613.0,10373.0,58072.0,51796.0,54731.0
FFT,gem5,i1,128,3,binaries/FFT/stats/gem5/i1/128/t3,0.000512,,,,0.000512,4.27,119733964.0,8787160.0,2.3980815347721824,1743066.0,1743066.0,1226959.0,2762767.0,2762247.0,3062000.0,1.5850042396558708,2.2517190875978743,0.6309131388930012,2.1868296666666667,1.104213,2.753063,,,742281.0,7610.0,0.010252182125098177,441068.0,7610.0,808008.0,432473.0,375535.0,0.5352335620439401,796215.0,548992.0,247208.0,47013.0,17236.0,29763.0,0.059045609540136774,345138.0,2981.0,0.008637124860200848,11335.0,,,5498.0,0.4850463167181297,13865.0,7911.0,0.5705733862243058,0.0,0.0,,0.0,0.0,,0.0,0.0,,792834.0,544052.0,248782.0,544052.0,248782.0,92986.0,0.0,2447593.0,1.8815013315617424,37117.0,0.01139953151263924,559.0,2614.0,11616.0,58562.0,53191.0,57884.0
FFT,gem5,i1,128,4,binaries/FFT/stats/gem5/i1/128/t4,0.000508,,,,0.000508,5.02,101218044.0,8792744.0,2.3980815347721824,1999664.0,1999664.0,1219118.0,3463377.0,3462778.0,3760173.0,1.7319794725513886,2.840887428452373,0.5773740485081468,2.318601,1.09539,2.736,,,976601.0,7785.0,0.007971525730569598,558133.0,7785.0,1045571.0,553204.0,492367.0,0.529092715846174,904554.0,661584.0,242952.0,48929.0,18680.0,30232.0,0.05409185079055535,346580.0,3088.0,0.008909919787639218,11414.0,,,5736.0,0.5025407394427895,14036.0,8241.0,0.5871330863493873,0.0,0.0,,0.0,0.0,,0.0,0.0,,898198.0,653605.0,244593.0,653605.0,244593.0,97981.0,0.0,2904308.0,1.9911360108498228,37506.0,0.009477494551312422,637.0,2853.0,12516.0,58563.0,52281.0,61007.0
FFT,gem5,i1,256,1,binaries/FFT/stats/gem5/i1/256/t1,0.000429,,,,0.000429,2.18,196667587.0,8773948.0,2.3980815347721824,1029130.0,1029130.0,1029130.0,1155020.0,1154832.0,1415411.0,1.1223266254020385,1.1223266254020385,0.8910062163425742,1.122327,1.122327,1.122327,,,226905.0,6053.0,0.02667636235428924,150108.0,6053.0,253523.0,145239.0,108284.0,0.5728829336983232,463600.0,252552.0,211039.0,36832.0,11422.0,25401.0,0.07944779982743745,257270.0,2445.0,0.009503634314144672,9263.0,,,4192.0,0.45255316851991795,11362.0,6211.0,0.5466467171272663,0.0,0.0,,0.0,0.0,,0.0,0.0,,468224.0,257137.0,211087.0,257137.0,211087.0,117299.0,0.0,1264662.0,1.4731472214394683,19152.0,0.012731841569941367,255.0,3508.0,6362.0,54938.0,51601.0,43001.0
FFT,gem5,i1,256,2,binaries/FFT/stats/gem5/i1/256/t2,0.000503,,,,0.000503,3.43,146453569.0,8781576.0,2.3980815347721824,1473610.0,1473610.0,1206136.0,2024177.0,2023765.0,2314327.0,1.3736178500417342,1.6782328029343292,0.7280045173915127,1.884848,1.082265,2.687431,,,494233.0,7098.0,0.014361647239257596,311061.0,7098.0,553925.0,304217.0,249708.0,0.5492025093649863,654931.0,416055.0,238864.0,44529.0,14793.0,29725.0,0.06799036845102767,325732.0,2880.0,0.008841624402883353,10639.0,,,5272.0,0.49553529467055174,13100.0,7613.0,0.5811450381679389,0.0,0.0,,0.0,0.0,,0.0,0.0,,651093.0,410711.0,240382.0,410711.0,240382.0,128432.0,0.0,1910114.0,1.7081778761001893,42748.0,0.017133432598331465,393.0,3502.0,10366.0,55619.0,53199.0,55062.0
FFT,gem5,i1,256,3,binaries/FFT/stats/gem5/i1/256/t3,0.000518,,,,0.000518,4.34,119280338.0,8786136.0,2.3980815347721824,1775277.0,1775277.0,1242174.0,2813701.0,2813214.0,3116721.0,1.5849363226133162,2.2651424035602097,0.6309401745245853,2.1714263333333332,1.104301,2.730172,,,745684.0,7601.0,0.010193325859211141,442695.0,7601.0,810992.0,434064.0,376928.0,0.5352259948310217,808920.0,555770.0,253135.0,49053.0,17301.0,31738.0,0.06064011274291648,351223.0,3011.0,0.008572900977441683,11534.0,,,6054.0,0.5248829547425005,14098.0,8497.0,0.6027096041991772,0.0,0.0,,0.0,0.0,,0.0,0.0,,805655.0,550946.0,254709.0,550946.0,254709.0,133744.0,0.0,2469366.0,1.880077869538106,44475.0,0.01341982368207374,575.0,3526.0,11652.0,56559.0,56630.0,58641.0
FFT,gem5,i1,256,4,binaries/FFT/stats/gem5/i1/256/t4,0.000513,,,,0.000513,5.1,100624541.0,8792744.0,2.3980815347721824,2027490.0,2027490.0,1230408.0,3502145.0,3501587.0,3802727.0,1.727330344416002,2.846328209829585,0.5789280569479561,2.30133675,1.095029,2.720097,,,975958.0,7735.0,0.007925545976363737,557450.0,7735.0,1044207.0,552594.0,491613.0,0.5291996701803378,914936.0,666073.0,248845.0,51006.0,18613.0,32377.0,0.05574816162004774,349077.0,3111.0,0.00891207384044208,11724.0,,,6291.0,0.5365916069600819,14382.0,8828.0,0.6138228340981783,0.0,0.0,,0.0,0.0,,0.0,0.0,,908940.0,658457.0,250483.0,658457.0,250483.0,138760.0,0.0,2917907.0,1.9850766218329068,44333.0,0.011081380017122111,652.0,3871.0,12473.0,56481.0,56145.0,62594.0
FFT,gem5,i1,512,1,binaries/FFT/stats/gem5/i1/512/t1,0.000449,,,,0.000449,2.36,190232193.0,8774972.0,2.3980815347721824,1076984.0,1076984.0,1076984.0,1271399.0,1271201.0,1550541.0,1.1805180021244512,1.1805180021244512,0.8470857692982298,1.180518,1.180518,1.180518,,,228395.0,6075.0,0.02659865583747455,150977.0,6075.0,255166.0,147670.0,107496.0,0.5787213029949131,512396.0,276227.0,236160.0,37485.0,11615.0,25861.0,0.07315630879241837,265351.0,2468.0,0.009300888257440146,9478.0,,,4321.0,0.45589786874868116,11600.0,6363.0,0.5485344827586207,0.0,0.0,,0.0,0.0,,0.0,0.0,,517397.0,281189.0,236208.0,281189.0,236208.0,227156.0,0.0,1332031.0,1.5373106749961003,16345.0,0.009943181818181818,245.0,4421.0,6538.0,59262.0,56923.0,43858.0
FFT,gem5,i1,512,2,binaries/FFT/stats/gem5/i1/512/t2,0.000516,,,,0.000516,3.58,144266523.0,8781576.0,2.3980815347721824,1532782.0,1532782.0,1238363.0,2148806.0,2148375.0,2457746.0,1.4018992916148545,1.735198806811896,0.713318000787414,1.874831,1.106881,2.642781,,,498530.0,7171.0,0.014384289812047419,313459.0,7171.0,558769.0,308250.0,250519.0,0.551659093471542,705891.0,441857.0,264022.0,48818.0,15667.0,33139.0,0.06915798614800302,334830.0,2934.0,0.008762655676014693,11441.0,,,6051.0,0.5288873350231623,13951.0,8443.0,0.6051895921439323,0.0,0.0,,0.0,0.0,,0.0,0.0,,701756.0,436214.0,265542.0,436214.0,265542.0,238290.0,0.0,1983010.0,1.7398475451825504,46690.0,0.017656840125235364,427.0,4402.0,10931.0,62546.0,58622.0,57174.0
FFT,gem5,i1,512,3,binaries/FFT/stats/gem5/i1/512/t3,0.000529,,,,0.000529,4.55,116278839.0,8788184.0,2.3980815347721824,1843707.0,1843707.0,1268192.0,2951233.0,2950716.0,3273083.0,1.6007060774841122,2.3271184489414853,0.6247243101442685,2.142881666666667,1.123388,2.67619,,,754377.0,7646.0,0.010135515796478419,447192.0,7646.0,820256.0,440255.0,380001.0,0.5367287773573128,862151.0,583830.0,278306.0,54747.0,18452.0,36281.0,0.06350047729458065,363819.0,3083.0,0.00847399393654537,12652.0,,,7148.0,0.5649699652228897,15286.0,9661.0,0.6320162239958131,0.0,0.0,,0.0,0.0,,0.0,0.0,,858556.0,578674.0,279882.0,578674.0,279882.0,243599.0,0.0,2550842.0,1.8992003610118093,48786.0,0.01402785788922518,559.0,4408.0,12253.0,63001.0,64440.0,61730.0
FFT,gem5,i1,512,4,binaries/FFT/stats/gem5/i1/512/t4,0.000523,,,,0.000523,5.39,97085557.0,8792748.0,2.3980815347721824,2103274.0,2103274.0,1254617.0,3647131.0,3646533.0,3966763.0,1.7340256191062124,2.9069676243825806,0.5766927483548028,2.27470425,1.104449,2.679312,,,986996.0,7767.0,0.00786933280378036,562983.0,7767.0,1055282.0,558290.0,496992.0,0.5290434215688319,969065.0,694798.0,274249.0,57164.0,19860.0,37287.0,0.05898881911946051,358516.0,3224.0,0.008992625154804807,12908.0,,,7424.0,0.575147195537651,15660.0,10054.0,0.6420178799489145,0.0,0.0,,0.0,0.0,,0.0,0.0,,963222.0,687333.0,275889.0,687333.0,275889.0,248618.0,0.0,3004642.0,1.9946906584686541,49240.0,0.01180471963431261,706.0,4787.0,13054.0,63171.0,63713.0,65917.0
FFT,gem5,i1,1024,1,binaries/FFT/stats/gem5/i1/1024/t1,0.000493,,,,0.000493,2.83,174305425.0,8774972.0,2.3980815347721824,1183247.0,1183247.0,1183247.0,1551882.0,1551685.0,1892350.0,1.3115452648517174,1.3115452648517174,0.762459388020481,1.311545,1.311545,1.311545,,,222751.0,5950.0,0.026711440128214914,146423.0,5950.0,248318.0,144563.0,103755.0,0.5821688319010301,665926.0,350522.0,315395.0,38585.0,11780.0,26796.0,0.057941873421371144,278698.0,2510.0,0.00900616437864642,9771.0,,,4576.0,0.4683246341213796,11934.0,6658.0,0.5579017931959108,0.0,0.0,,0.0,0.0,,0.0,0.0,,673884.0,358441.0,315443.0,358441.0,315443.0,528021.0,0.0,1526359.0,1.6928806918589272,32188.0,0.016161433581619308,265.0,3769.0,6686.0,61435.0,63138.0,44661.0
FFT,gem5,i1,1024,2,binaries/FFT/stats/gem5/i1/1024/t2,0.000532,,,,0.000532,4.09,130144306.0,8782600.0,2.3980815347721824,1638151.0,1638151.0,1276154.0,2396119.0,2395692.0,2760151.0,1.4626972727178387,1.8776095988415191,0.6836684655478297,1.861713,1.146684,2.576742,,,485787.0,6891.0,0.014185229328903409,303734.0,6891.0,543798.0,300768.0,243030.0,0.5530877274281994,843514.0,506505.0,336997.0,56424.0,16432.0,39980.0,0.06689159871679663,340998.0,3027.0,0.008876884908415886,12848.0,,,7528.0,0.5859277708592777,15444.0,10002.0,0.6476301476301476,0.0,0.0,,0.0,0.0,,0.0,0.0,,842033.0,503516.0,338517.0,503516.0,338517.0,539016.0,0.0,2141034.0,1.8193267897770107,52405.0,0.017713404184696673,420.0,3919.0,11846.0,67205.0,70118.0,59158.0
FFT,gem5,i1,1024,3,binaries/FFT/stats/gem5/i1/1024/t3,0.000533,,,,0.000533,5.05,105580079.0,8787160.0,2.3980815347721824,1955518.0,1955518.0,1279072.0,3181834.0,3181323.0,3555070.0,1.627105452366074,2.4876113307147683,0.6145883160466574,2.0866433333333334,1.131612,2.597441,,,739156.0,7305.0,0.009882893462273187,434441.0,7305.0,802266.0,431089.0,371177.0,0.5373392366122957,989786.0,643003.0,346768.0,65782.0,19968.0,45800.0,0.06646083092708929,368004.0,3221.0,0.008752622254105934,14717.0,,,9364.0,0.6362709791397704,17481.0,12005.0,0.6867456095189063,0.0,0.0,,0.0,0.0,,0.0,0.0,,987575.0,639231.0,348344.0,639231.0,348344.0,544231.0,0.0,2687028.0,1.942070592037506,54500.0,0.014438658089662212,603.0,3837.0,13714.0,69191.0,77083.0,64807.0
FFT,gem5,i1,1024,4,binaries/FFT/stats/gem5/i1/1024/t4,0.000527,,,,0.000527,5.94,88591837.0,8793768.0,2.3980815347721824,2225401.0,2225401.0,1262953.0,3881998.0,3881406.0,4256992.0,1.7444038175591725,3.073747004045281,0.5732617585068308,2.2075625,1.113627,2.58472,,,970128.0,7470.0,0.0077000148434021075,551025.0,7470.0,1035937.0,548485.0,487452.0,0.5294578724381888,1105298.0,757802.0,347478.0,68311.0,21193.0,47101.0,0.06180324220255533,365696.0,3406.0,0.009313746937346868,14923.0,,,9520.0,0.6379414326877973,17851.0,12323.0,0.690325471962355,0.0,0.0,,0.0,0.0,,0.0,0.0,,1101774.0,752660.0,349114.0,752660.0,349114.0,549314.0,0.0,3154586.0,2.022329458825623,55717.0,0.012445973146791538,733.0,3862.0,14357.0,68205.0,75507.0,70713.0
FFT,gem5,i1,2048,1,binaries/FFT/stats/gem5/i1/2048/t1,0.000604,,,,0.000604,4.16,145103522.0,8775996.0,2.3980815347721824,1448623.0,1448623.0,1448623.0,2246653.0,2246456.0,2750283.0,1.5508886715177104,1.5508886715177104,0.6447916077827773,1.550889,1.550889,1.550889,,,225581.0,5932.0,0.026296540932082047,148040.0,5932.0,251039.0,146321.0,104718.0,0.5828616270778644,1103599.0,550216.0,553374.0,45766.0,15520.0,30237.0,0.041469772988195895,323650.0,2583.0,0.007980843503784953,13559.0,,,5103.0,0.37635518843572535,15799.0,7259.0,0.4594594594594595,0.0,0.0,,0.0,0.0,,0.0,0.0,,1115688.0,562266.0,553422.0,562266.0,553422.0,1244192.0,0.0,2072730.0,1.9871105180574933,67144.0,0.023421554848834625,345.0,6818.0,7289.0,60148.0,77375.0,46462.0
FFT,gem5,i1,2048,2,binaries/FFT/stats/gem5/i1/2048/t2,0.000596,,,,0.000596,5.6,106450780.0,8783628.0,2.3980815347721824,1932588.0,1932588.0,1429782.0,3100046.0,3099620.0,3627202.0,1.6040904734997836,2.1681948716657504,0.6234062333268603,1.904799,1.277872,2.531726,,,491678.0,6858.0,0.013948153059522695,307101.0,6858.0,550095.0,304356.0,245739.0,0.5532789790854307,1281063.0,706110.0,574941.0,67794.0,20803.0,46979.0,0.052920113999077326,387470.0,3193.0,0.008240637984876249,17622.0,,,10576.0,0.6001588922937238,20375.0,13198.0,0.6477546012269939,0.0,0.0,,0.0,0.0,,0.0,0.0,,1285390.0,708929.0,576461.0,708929.0,576461.0,1255165.0,0.0,2693508.0,2.006432307351593,95713.0,0.024825480088622967,498.0,9043.0,14317.0,68150.0,93206.0,63282.0
FFT,gem5,i1,2048,3,binaries/FFT/stats/gem5/i1/2048/t3,0.000581,,,,0.000581,6.73,86362580.0,8790232.0,2.3980815347721824,2277953.0,2277953.0,1394161.0,3901565.0,3901054.0,4437887.0,1.7127504386613772,2.7985039030642804,0.5838562217981759,2.0677106666666667,1.218697,2.518748,,,750389.0,7240.0,0.009648329066657427,440233.0,7240.0,813253.0,437069.0,376184.0,0.537433000554563,1429371.0,844703.0,584653.0,75792.0,23861.0,51917.0,0.0530247220630613,418207.0,3450.0,0.008249503236435545,19344.0,,,12951.0,0.6695099255583127,22324.0,15795.0,0.7075344920265185,0.0,0.0,,0.0,0.0,,0.0,0.0,,1433564.0,847335.0,586229.0,847335.0,586229.0,1260360.0,0.0,3249943.0,2.068378495956677,98658.0,0.021041684750952985,652.0,9448.0,16240.0,72489.0,106737.0,70557.0
FFT,gem5,i1,2048,4,binaries/FFT/stats/gem5/i1/2048/t4,0.000567,,,,0.000567,7.75,73144789.0,8796840.0,2.3980815347721824,2573058.0,2573058.0,1359256.0,4600147.0,4599555.0,5138225.0,1.7878131779384685,3.384312447397694,0.559342560139926,2.14799525,1.177306,2.490778,,,980775.0,7430.0,0.007575641711911499,556502.0,7430.0,1046257.0,554127.0,492130.0,0.5296279977099317,1545035.0,959645.0,585372.0,80503.0,26027.0,54459.0,0.05210432126133065,412595.0,3714.0,0.009001563276336359,20311.0,,,13867.0,0.682733494165723,23529.0,16956.0,0.7206426112456968,0.0,0.0,,0.0,0.0,,0.0,0.0,,1547444.0,960436.0,587008.0,960436.0,587008.0,1265423.0,0.0,3716473.0,2.1060741732211246,100920.0,0.01870477409147843,857.0,14578.0,17441.0,72528.0,115208.0,78803.0
FFT,gem5,i1,4096,1,binaries/FFT/stats/gem5/i1/4096/t1,0.000904,,,,0.000904,7.92,114067533.0,8777016.0,2.3980815347721824,2167641.0,2167641.0,2167641.0,4058406.0,4058208.0,4914036.0,1.8722685167885273,1.8722685167885273,0.5341114220706357,1.872269,1.872269,1.872269,,,231778.0,5901.0,0.025459707133550207,151928.0,5901.0,257111.0,150148.0,106963.0,0.5839812376755564,2305914.0,1149735.0,1156170.0,96125.0,43509.0,52607.0,0.04168629012183455,439982.0,2819.0,0.006407080289648213,47180.0,,,6273.0,0.13295888088172955,49647.0,8664.0,0.17451205510907003,0.0,0.0,,0.0,0.0,,0.0,0.0,,2333410.0,1177192.0,1156218.0,1177192.0,1156218.0,2978325.0,0.0,3564540.0,2.3854646595077322,195262.0,0.037845785527498094,563.0,4445.0,14252.0,97666.0,101301.0,53171.0
FFT,gem5,i1,4096,2,binaries/FFT/stats/gem5/i1/4096/t2,0.000769,,,,0.000769,9.74,78961660.0,8784652.0,2.3980815347721824,2721635.0,2721635.0,1844375.0,4936580.0,4936154.0,5816235.0,1.8138288198086812,2.676559810233819,0.5513199421461822,1.9863684999999998,1.500811,2.471926,,,505671.0,6828.0,0.013502850667726645,315061.0,6828.0,564532.0,312255.0,252277.0,0.5531218779449172,2489728.0,1311460.0,1178256.0,114670.0,52014.0,62644.0,0.0460572399876613,506507.0,3687.0,0.007279267611306458,50187.0,,,17123.0,0.341183971944926,53410.0,20211.0,0.3784122823441303,0.0,0.0,,0.0,0.0,,0.0,0.0,,2508495.0,1328719.0,1179776.0,1328719.0,1179776.0,2989300.0,0.0,4203160.0,2.274977357360557,211460.0,0.03427378507649443,706.0,4026.0,26104.0,106213.0,121824.0,77022.0
FFT,gem5,i1,4096,3,binaries/FFT/stats/gem5/i1/4096/t3,0.000711,,,,0.000711,11.1,64106213.0,8794332.0,2.3980815347721824,3126989.0,3126989.0,1705894.0,5776280.0,5775769.0,6665662.0,1.8472338725847772,3.3860720537149436,0.5413499691843193,2.065602666666667,1.379636,2.430893,,,776612.0,7226.0,0.009304517571193853,454540.0,7226.0,839936.0,451054.0,388882.0,0.5370099626638221,2648925.0,1460326.0,1188584.0,122793.0,54313.0,68465.0,0.046355785837651126,550134.0,4168.0,0.007576335947241945,50394.0,,,21391.0,0.4244751359288804,54072.0,24919.0,0.4608484982985649,0.0,0.0,,0.0,0.0,,0.0,0.0,,2664385.0,1474225.0,1190160.0,1474225.0,1190160.0,2994495.0,0.0,4786483.0,2.2519644296797976,208130.0,0.029653212849317143,858.0,4496.0,25393.0,117561.0,131476.0,91471.0
FFT,gem5,i1,4096,4,binaries/FFT/stats/gem5/i1/4096/t4,0.000671,,,,0.000671,12.25,54737843.0,8801964.0,2.3980815347721824,3450734.0,3450734.0,1608350.0,6456259.0,6455666.0,7346833.0,1.8709813622261235,4.014212702459042,0.5344788677158088,2.09964225,1.306008,2.365797,,,1001279.0,7441.0,0.007431495117744405,567969.0,7441.0,1067557.0,565484.0,502073.0,0.5296991167684724,2758010.0,1569309.0,1188683.0,128283.0,55896.0,72370.0,0.046512884289759644,537272.0,4639.0,0.008634360249557022,51308.0,,,23048.0,0.4492087003975988,55430.0,27031.0,0.4876601118527873,0.0,0.0,,0.0,0.0,,0.0,0.0,,2773792.0,1583473.0,1190319.0,1583473.0,1190319.0,2999564.0,0.0,5239189.0,2.2418129012552113,208254.0,0.02700340683737765,934.0,4885.0,27676.0,114324.0,130368.0,106753.0
FFT,gem5,i1,8192,1,binaries/FFT/stats/gem5/i1/8192/t1,0.001313,,,,0.001313,11.34,115848828.0,8775996.0,2.3980815347721824,3149266.0,3149266.0,3149266.0,6233295.0,6232747.0,7202867.0,1.9792850143493754,1.9792850143493754,0.5052329466197252,1.979285,1.979285,1.979285,,,290510.0,7617.0,0.026219407249320162,197587.0,7617.0,323685.0,191013.0,132672.0,0.5901200240975022,2337194.0,1163797.0,1173388.0,412724.0,178309.0,234406.0,0.17658953428769714,627298.0,2639.0,0.004206931952596692,211060.0,,,8597.0,0.04073249312991566,213330.0,10807.0,0.050658604040688136,0.0,0.0,,0.0,0.0,,0.0,0.0,,2382912.0,1209465.0,1173447.0,1209465.0,1173447.0,4934632.0,0.0,3913066.0,2.545912603127205,615804.0,0.07695108726756436,4309.0,4023.0,40786.0,61090.0,326778.0,48931.0
FFT,gem5,i1,8192,2,binaries/FFT/stats/gem5/i1/8192/t2,0.001028,,,,0.001028,13.65,75274600.0,8783628.0,2.3980815347721824,3759479.0,3759479.0,2464209.0,7230562.0,7229768.0,8233190.0,1.9232883067042001,2.934232445381053,0.5199428481492864,2.046311,1.650652,2.44197,,,593628.0,9091.0,0.015314304581320288,379578.0,9091.0,666346.0,375447.0,290899.0,0.5634415153688924,2555635.0,1350950.0,1204673.0,441060.0,187892.0,253156.0,0.17258333056168038,717899.0,3189.0,0.004442129046007865,213895.0,,,34962.0,0.16345403118352464,216619.0,37555.0,0.17336891039105526,0.0,0.0,,0.0,0.0,,0.0,0.0,,2589474.0,1383251.0,1206223.0,1383251.0,1206223.0,4954080.0,0.0,4652508.0,2.473303614676395,616527.0,0.06650593753893501,6388.0,4066.0,49673.0,69575.0,410939.0,64468.0
FFT,gem5,i1,8192,3,binaries/FFT/stats/gem5/i1/8192/t3,0.000924,,,,0.000924,15.34,60192494.0,8789212.0,2.3980815347721824,4167972.0,4167972.0,2214970.0,8171344.0,8170447.0,9191716.0,1.9605083719372396,3.689144322496467,0.5100717825611062,2.1391233333333335,1.537984,2.450745,,,888081.0,9879.0,0.01112398531215058,533719.0,9879.0,967247.0,531336.0,435911.0,0.54932814472415,2738784.0,1515221.0,1223548.0,450021.0,199168.0,250839.0,0.16431416278173086,778688.0,3356.0,0.004309813429769048,211552.0,,,42117.0,0.1990858039630918,214431.0,44855.0,0.2091815082707258,0.0,0.0,,0.0,0.0,,0.0,0.0,,2772933.0,1547769.0,1225164.0,1547769.0,1225164.0,4967811.0,0.0,5323374.0,2.4781368492878553,690779.0,0.0670752803085246,7860.0,4178.0,49078.0,71635.0,440255.0,70583.0
FFT,gem5,i1,8192,4,binaries/FFT/stats/gem5/i1/8192/t4,0.000855,,,,0.000855,16.52,51746072.0,8795820.0,2.3980815347721824,4467762.0,4467762.0,2050078.0,8874900.0,8873905.0,9899617.0,1.9864307901808556,4.329054796939434,0.5034154751039448,2.1839555,1.474675,2.428456,,,1114632.0,10280.0,0.00922277487098881,647437.0,10280.0,1195780.0,646566.0,549214.0,0.5407064844703875,2853011.0,1626528.0,1226465.0,456258.0,201658.0,254583.0,0.15992157057929324,761330.0,3552.0,0.004665519551311521,212340.0,,,47649.0,0.22439954789488556,215382.0,50546.0,0.23468070683715445,0.0,0.0,,0.0,0.0,,0.0,0.0,,2886472.0,1658317.0,1228155.0,1658317.0,1228155.0,4981470.0,0.0,5798164.0,2.471639715812973,648807.0,0.05892052371861503,8075.0,4526.0,51029.0,75965.0,458038.0,75212.0
FFT,gem5,i2,128,1,binaries/FFT/stats/gem5/i2/128/t1,0.000648,,,,0.000648,2.34,276978298.0,8789304.0,2.3980815347721824,1553646.0,1553646.0,1553646.0,1113454.0,1113255.0,1370038.0,0.7166716227506137,0.7166716227506137,1.395339187788629,0.716672,0.716672,0.716672,,,226592.0,6031.0,0.026616120604434402,138730.0,6031.0,237740.0,132823.0,104917.0,0.558690165727265,457557.0,252486.0,205062.0,29668.0,5548.0,24111.0,0.06484000900434263,234409.0,2356.0,0.0100508086293615,7054.0,,,3780.0,0.5358661752197335,11576.0,6125.0,0.5291119557705598,0.0,0.0,,0.0,0.0,,0.0,0.0,,456894.0,251784.0,205110.0,251784.0,205110.0,76562.0,0.0,1249145.0,0.9138046890990612,5123.0,0.0036153846153846154,41.0,1481.0,1160.0,32503.0,40764.0,736196.0
FFT,gem5,i2,128,2,binaries/FFT/stats/gem5/i2/128/t2,0.000735,,,,0.000735,3.68,199606078.0,8795912.0,2.3980815347721824,2123028.0,2123028.0,1762248.0,2271906.0,2271472.0,2558329.0,1.070125311583267,1.2892090103095593,0.9344700000792286,1.7487195,0.720744,2.776695,,,590324.0,7138.0,0.012091664916215501,330816.0,7138.0,606848.0,322778.0,284070.0,0.5318926650495676,689146.0,456150.0,232984.0,35262.0,8287.0,26964.0,0.051167677095999974,271562.0,2788.0,0.01026653213630773,8256.0,,,4518.0,0.5472383720930233,13174.0,7182.0,0.5451647183846972,0.0,0.0,,0.0,0.0,,0.0,0.0,,688096.0,453594.0,234502.0,453594.0,234502.0,87693.0,0.0,2087615.0,1.2369789753126195,8142.0,0.003105124599703217,215.0,1481.0,1331.0,32378.0,41023.0,855669.0
FFT,gem5,i2,128,3,binaries/FFT/stats/gem5/i2/128/t3,0.000767,,,,0.000767,4.91,156221520.0,8801500.0,2.3980815347721824,2558324.0,2558324.0,1838897.0,3346225.0,3345705.0,3645458.0,1.307975455806223,1.8196913693371624,0.7645403402341444,2.097799333333333,0.731773,2.787829,,,936766.0,7650.0,0.008166393741873638,508671.0,7650.0,957013.0,499081.0,457932.0,0.521498663027566,892876.0,645653.0,247208.0,38527.0,10333.0,28180.0,0.04314932868617815,289582.0,2888.0,0.009972995559116243,9020.0,,,5053.0,0.5601995565410199,14037.0,7804.0,0.5559592505521123,0.0,0.0,,0.0,0.0,,0.0,0.0,,890075.0,641293.0,248782.0,641293.0,248782.0,92986.0,0.0,2836563.0,1.4556666786536812,9687.0,0.0026043963134631722,269.0,1481.0,1534.0,32278.0,41719.0,913289.0
FFT,gem5,i2,128,4,binaries/FFT/stats/gem5/i2/128/t4,0.000756,,,,0.000756,6.12,123545185.0,8807080.0,2.3980815347721824,2903154.0,2903154.0,1813839.0,4350613.0,4350013.0,4647409.0,1.4985815426946005,2.3985662454054633,0.6672976888544212,2.2677375,0.728565,2.788627,,,1272352.0,7773.0,0.006109158471869419,675710.0,7773.0,1294428.0,670477.0,623951.0,0.5179716446183179,1049530.0,806562.0,242950.0,40527.0,11645.0,28865.0,0.03861442741036464,287083.0,2979.0,0.010376789987564573,9153.0,,,5369.0,0.5865836337812739,14248.0,8209.0,0.5761510387422796,0.0,0.0,,0.0,0.0,,0.0,0.0,,1046065.0,801474.0,244591.0,801474.0,244591.0,97981.0,0.0,3495791.0,1.6288729430130127,10502.0,0.002223147534056897,264.0,1531.0,1654.0,33830.0,41333.0,907134.0
FFT,gem5,i2,256,1,binaries/FFT/stats/gem5/i2/256/t1,0.000657,,,,0.000657,2.4,273766396.0,8789308.0,2.3980815347721824,1575415.0,1575415.0,1575415.0,1154993.0,1154804.0,1415384.0,0.7331357134469331,0.7331357134469331,1.3640039376862023,0.733136,0.733136,0.733136,,,226901.0,6056.0,0.026690054252735775,139007.0,6056.0,238093.0,133112.0,104981.0,0.5590756553111599,468923.0,257877.0,211037.0,30140.0,5745.0,24386.0,0.06427494492699228,237537.0,2374.0,0.009994232477466669,7225.0,,,3872.0,0.5359169550173011,11622.0,6223.0,0.535450008604371,0.0,0.0,,0.0,0.0,,0.0,0.0,,468214.0,257129.0,211085.0,257129.0,211085.0,117299.0,0.0,1264637.0,0.9303631106724259,4804.0,0.0032837916446505433,63.0,1267.0,1238.0,33003.0,41506.0,745926.0
FFT,gem5,i2,256,2,binaries/FFT/stats/gem5/i2/256/t2,0.000739,,,,0.000739,3.78,195246085.0,8795912.0,2.3980815347721824,2143669.0,2143669.0,1770989.0,2310865.0,2310454.0,2601015.0,1.0779952501995411,1.304844355329141,0.9276478721171509,1.7302039999999999,0.730339,2.730069,,,589793.0,7124.0,0.012078814092401911,330613.0,7124.0,606228.0,322557.0,283671.0,0.5320720916882757,700081.0,461203.0,238866.0,37224.0,8628.0,28585.0,0.05317099021398952,274497.0,2813.0,0.01024783513116719,8551.0,,,4915.0,0.5747865746696292,13360.0,7605.0,0.5692365269461078,0.0,0.0,,0.0,0.0,,0.0,0.0,,698881.0,458497.0,240384.0,458497.0,240384.0,128432.0,0.0,2101247.0,1.245453006037779,8662.0,0.0032493474671070155,158.0,1267.0,1448.0,32853.0,41869.0,865120.0
FFT,gem5,i2,256,3,binaries/FFT/stats/gem5/i2/256/t3,0.000772,,,,0.000772,5.08,151949948.0,8801500.0,2.3980815347721824,2593386.0,2593386.0,1850535.0,3395132.0,3394645.0,3698152.0,1.3091502768966903,1.834675918045322,0.7638542477877149,2.0701683333333336,0.735851,2.741063,,,939495.0,7631.0,0.008122448762367016,510034.0,7631.0,959465.0,500386.0,459079.0,0.5215260587931816,905489.0,652339.0,253135.0,41342.0,10885.0,30443.0,0.04565709798793801,293206.0,2920.0,0.009958868508829969,9379.0,,,5629.0,0.6001705938799445,14282.0,8412.0,0.5889931382159361,0.0,0.0,,0.0,0.0,,0.0,0.0,,902560.0,647851.0,254709.0,647851.0,254709.0,133744.0,0.0,2856986.0,1.45679200859417,11873.0,0.0031465158558109706,270.0,1267.0,1847.0,32909.0,44021.0,924158.0
FFT,gem5,i2,256,4,binaries/FFT/stats/gem5/i2/256/t4,0.000759,,,,0.000759,6.17,123059058.0,8808104.0,2.3980815347721824,2928737.0,2928737.0,1819889.0,4382041.0,4381484.0,4682623.0,1.4962220916388191,2.407861688267801,0.6683499766433039,2.24507775,0.732846,2.755474,,,1269254.0,7781.0,0.006130372644088575,674259.0,7781.0,1291326.0,669035.0,622291.0,0.5180992251375718,1059200.0,810335.0,248847.0,43352.0,12073.0,31263.0,0.04092900302114803,289978.0,3031.0,0.01045251708750319,9623.0,,,5924.0,0.6156084381170114,14657.0,8811.0,0.6011462100020468,0.0,0.0,,0.0,0.0,,0.0,0.0,,1055597.0,805112.0,250485.0,805112.0,250485.0,138760.0,0.0,3504512.0,1.6273950170329394,12402.0,0.002604843808087576,322.0,1511.0,1936.0,34388.0,44846.0,918051.0
FFT,gem5,i2,512,1,binaries/FFT/stats/gem5/i2/512/t1,0.000688,,,,0.000688,2.55,270365574.0,8789308.0,2.3980815347721824,1650317.0,1650317.0,1650317.0,1271405.0,1271207.0,1550546.0,0.7704004745754907,0.7704004745754907,1.298026199362123,0.7704,0.7704,0.7704,,,228400.0,6087.0,0.02665061295971979,139839.0,6087.0,239669.0,135482.0,104187.0,0.5652879596443429,518271.0,282103.0,236159.0,30653.0,5807.0,24837.0,0.0591447331608367,245584.0,2406.0,0.009797055182748062,7329.0,,,3999.0,0.5456406058125256,11856.0,6380.0,0.5381241565452092,0.0,0.0,,0.0,0.0,,0.0,0.0,,517399.0,281192.0,236207.0,281192.0,236207.0,227156.0,0.0,1332034.0,0.9712794572194312,5265.0,0.0032904378563469202,57.0,2575.0,1328.0,34603.0,47710.0,771000.0
FFT,gem5,i2,512,2,binaries/FFT/stats/gem5/i2/512/t2,0.000757,,,,0.000757,4.09,185182248.0,8795916.0,2.3980815347721824,2221563.0,2221563.0,1815239.0,2427593.0,2427161.0,2736533.0,1.0927410116210974,1.3373407027945081,0.9151299249915451,1.6923970000000002,0.746865,2.637929,,,591463.0,7199.0,0.01217151368724671,331493.0,7199.0,608063.0,325056.0,283007.0,0.5345761870069384,749668.0,485636.0,264020.0,43709.0,9097.0,34601.0,0.05830447611476013,282610.0,2867.0,0.010144722408973498,9138.0,,,5478.0,0.5994747209455022,14671.0,8870.0,0.604594097198555,0.0,0.0,,0.0,0.0,,0.0,0.0,,748213.0,482673.0,265540.0,482673.0,265540.0,238290.0,0.0,2168859.0,1.2647644923866666,11791.0,0.004202766461845218,144.0,2565.0,1733.0,33826.0,49269.0,891622.0
FFT,gem5,i2,512,3,binaries/FFT/stats/gem5/i2/512/t3,0.000786,,,,0.000786,5.25,149827749.0,8801500.0,2.3980815347721824,2682257.0,2682257.0,1886026.0,3514247.0,3513729.0,3836097.0,1.3101828050033983,1.86330782290382,0.7632522699741936,2.010442,0.74808,2.643511,,,942054.0,7691.0,0.00816407552008696,511271.0,7691.0,962258.0,503272.0,458986.0,0.5230115000342943,955546.0,677227.0,278304.0,48167.0,12090.0,36063.0,0.05040782965969195,302618.0,2995.0,0.009896965811683376,10457.0,,,6707.0,0.6413885435593383,16067.0,10175.0,0.6332856164809859,0.0,0.0,,0.0,0.0,,0.0,0.0,,952386.0,672506.0,279880.0,672506.0,279880.0,243599.0,0.0,2926177.0,1.4631636714900922,16136.0,0.0041166132233188685,311.0,2569.0,2408.0,33308.0,54888.0,955618.0
FFT,gem5,i2,512,4,binaries/FFT/stats/gem5/i2/512/t4,0.000772,,,,0.000772,6.38,120947148.0,8808108.0,2.3980815347721824,3022306.0,3022306.0,1851534.0,4514381.0,4513784.0,4834013.0,1.493687601453989,2.438184229941227,0.6694840333591693,2.19852375,0.740778,2.691124,,,1276075.0,7818.0,0.0061265991418999665,677745.0,7818.0,1298308.0,672731.0,625577.0,0.5181597895106554,1111427.0,837158.0,274251.0,49571.0,13394.0,36161.0,0.04460121987319005,298434.0,3131.0,0.01049143194140078,10935.0,,,7043.0,0.6440786465477824,15907.0,10033.0,0.6307286100458918,0.0,0.0,,0.0,0.0,,0.0,0.0,,1107769.0,831878.0,275891.0,831878.0,275891.0,248618.0,0.0,3582815.0,1.6286491175943139,15771.0,0.003207461175808775,308.0,2869.0,2256.0,34899.0,52921.0,946977.0
FFT,gem5,i2,1024,1,binaries/FFT/stats/gem5/i2/1024/t1,0.000748,,,,0.000748,3.06,244243510.0,8789308.0,2.3980815347721824,1794502.0,1794502.0,1794502.0,1551929.0,1551733.0,1892398.0,0.864824335665271,0.864824335665271,1.1563041865961652,0.864824,0.864824,0.864824,,,222762.0,5954.0,0.0267280774997531,135753.0,5954.0,233531.0,132661.0,100870.0,0.5680659098792024,673704.0,358297.0,315398.0,31276.0,5492.0,25775.0,0.046423948796504105,259548.0,2449.0,0.009435634256476644,7136.0,,,4184.0,0.5863228699551569,12174.0,6677.0,0.548463939543289,0.0,0.0,,0.0,0.0,,0.0,0.0,,673900.0,358454.0,315446.0,358454.0,315446.0,528021.0,0.0,1526401.0,1.0841180450063583,12190.0,0.006274820673449376,75.0,3498.0,1359.0,36315.0,49383.0,813979.0
FFT,gem5,i2,1024,2,binaries/FFT/stats/gem5/i2/1024/t2,0.000772,,,,0.000772,4.5,171436973.0,8796940.0,2.3980815347721824,2350249.0,2350249.0,1850292.0,2682265.0,2681839.0,3046297.0,1.1412684358125458,1.44964416427245,0.8762180470609727,1.621907,0.785359,2.458455,,,581164.0,6908.0,0.011886489872049886,323797.0,6908.0,596726.0,319333.0,277393.0,0.5351417568532291,889653.0,552642.0,336999.0,54337.0,9318.0,45008.0,0.06107662200880568,290941.0,2955.0,0.010156698437140177,10204.0,,,6617.0,0.6484711877695022,16821.0,11055.0,0.6572141965400392,0.0,0.0,,0.0,0.0,,0.0,0.0,,889730.0,551211.0,338519.0,551211.0,338519.0,539016.0,0.0,2331805.0,1.3274321146397678,16380.0,0.0052571072045476865,122.0,3704.0,2152.0,36597.0,53564.0,918763.0
FFT,gem5,i2,1024,3,binaries/FFT/stats/gem5/i2/1024/t3,0.000779,,,,0.000779,5.82,133887518.0,8802520.0,2.3980815347721824,2796230.0,2796230.0,1868491.0,3746043.0,3745533.0,4119279.0,1.3396762784177267,2.0048493677518384,0.746448986303681,1.9189346666666667,0.765782,2.496381,,,927223.0,7345.0,0.007921503241399319,499967.0,7345.0,946255.0,495115.0,451140.0,0.5232363369282065,1082547.0,735762.0,346770.0,60002.0,13418.0,46570.0,0.05542669279024375,305526.0,3135.0,0.010260992517821723,12501.0,,,8887.0,0.71090312774978,18977.0,13216.0,0.6964219845075618,0.0,0.0,,0.0,0.0,,0.0,0.0,,1081617.0,733271.0,348346.0,733271.0,348346.0,544231.0,0.0,3063175.0,1.5076839172743302,20256.0,0.004810013262205801,210.0,4649.0,3256.0,37696.0,69496.0,968649.0
FFT,gem5,i2,1024,4,binaries/FFT/stats/gem5/i2/1024/t4,0.000768,,,,0.000768,6.85,112067144.0,8809132.0,2.3980815347721824,3161439.0,3161439.0,1841684.0,4748742.0,4748149.0,5123736.0,1.502082437775962,2.578478175409028,0.6657424218877336,2.09665925,0.755738,2.550081,,,1259049.0,7487.0,0.005946551722768534,666491.0,7487.0,1279968.0,662423.0,617545.0,0.5175309070226756,1247924.0,900430.0,347476.0,60636.0,14645.0,45975.0,0.04858949743734394,306419.0,3308.0,0.010795675202908436,12862.0,,,9155.0,0.7117866583735033,18281.0,12453.0,0.6811990591324326,0.0,0.0,,0.0,0.0,,0.0,0.0,,1246225.0,897113.0,349112.0,897113.0,349112.0,549314.0,0.0,3732407.0,1.6502997527391798,19061.0,0.0036569703839310483,231.0,3518.0,2944.0,39655.0,64888.0,975880.0
FFT,gem5,i2,2048,1,binaries/FFT/stats/gem5/i2/2048/t1,0.000912,,,,0.000912,4.47,204339700.0,8790328.0,2.3980815347721824,2188071.0,2188071.0,2188071.0,2246691.0,2246494.0,2750323.0,1.026790721142047,1.026790721142047,0.97390829446506,1.026791,1.026791,1.026791,,,225587.0,5935.0,0.026309140154352866,137413.0,5935.0,236261.0,134421.0,101840.0,0.5689512869242067,1113403.0,560016.0,553378.0,37873.0,7917.0,29947.0,0.03401553615357602,304208.0,2513.0,0.00826079524535844,10504.0,,,4688.0,0.4463061690784463,16442.0,7276.0,0.44252524023841383,0.0,0.0,,0.0,0.0,,0.0,0.0,,1115701.0,562275.0,553426.0,562275.0,553426.0,1244192.0,0.0,2072765.0,1.2841452585405135,35744.0,0.012733920415134926,132.0,6273.0,1360.0,35387.0,62154.0,949753.0
FFT,gem5,i2,2048,2,binaries/FFT/stats/gem5/i2/2048/t2,0.000861,,,,0.000861,6.04,142575169.0,8797960.0,2.3980815347721824,2763637.0,2763637.0,2064634.0,3374623.0,3374196.0,3901781.0,1.2210804096196426,1.6344896964788918,0.8189468868078005,1.5553345,0.878902,2.231767,,,583201.0,6876.0,0.011790103240563716,325023.0,6876.0,598709.0,320703.0,278006.0,0.5356575565090888,1329148.0,754193.0,574943.0,58366.0,11954.0,46401.0,0.04391234083789014,335931.0,3109.0,0.009254876745522146,13899.0,,,8831.0,0.6353694510396432,22175.0,14324.0,0.6459526493799324,0.0,0.0,,0.0,0.0,,0.0,0.0,,1331152.0,754689.0,576463.0,754689.0,576463.0,1255165.0,0.0,2876560.0,1.442796575671841,42412.0,0.010647415694569898,202.0,8993.0,2391.0,44216.0,78010.0,1058845.0
FFT,gem5,i2,2048,3,binaries/FFT/stats/gem5/i2/2048/t3,0.000844,,,,0.000844,7.48,112846457.0,8804568.0,2.3980815347721824,3239417.0,3239417.0,2023676.0,4453026.0,4452515.0,4989348.0,1.3746380907428712,2.200463908254088,0.7274642007479858,1.7941963333333335,0.834202,2.287398,,,934210.0,7272.0,0.007784117061474401,503546.0,7272.0,952951.0,498860.0,454091.0,0.5234896652608582,1523875.0,939207.0,584653.0,68770.0,15590.0,53166.0,0.04512837339020589,353748.0,3365.0,0.009512421271639699,15814.0,,,11171.0,0.706399392942962,25026.0,17773.0,0.7101814113322145,0.0,0.0,,0.0,0.0,,0.0,0.0,,1525474.0,939245.0,586229.0,939245.0,586229.0,1260360.0,0.0,3617583.0,1.573201288997372,46469.0,0.00912666879044191,266.0,8181.0,3610.0,50061.0,89903.0,1119048.0
FFT,gem5,i2,2048,4,binaries/FFT/stats/gem5/i2/2048/t4,0.00082,,,,0.00082,8.69,94392704.0,8811176.0,2.3980815347721824,3626351.0,3626351.0,1967193.0,5460194.0,5459602.0,5998272.0,1.5056992552568684,2.7756269974527155,0.664143252052949,1.9530905,0.805835,2.339958,,,1267458.0,7457.0,0.005883429667886431,670881.0,7457.0,1288032.0,666841.0,621191.0,0.517720833022782,1689865.0,1104475.0,585372.0,73784.0,18488.0,55280.0,0.04366265944320996,352939.0,3608.0,0.010222729706833193,17340.0,,,12781.0,0.7370818915801615,26645.0,19526.0,0.7328204165884782,0.0,0.0,,0.0,0.0,,0.0,0.0,,1690785.0,1103777.0,587008.0,1103777.0,587008.0,1265423.0,0.0,4289837.0,1.6863560642640494,49121.0,0.00803918828109222,286.0,11530.0,4186.0,50037.0,100001.0,1123819.0
FFT,gem5,i2,4096,1,binaries/FFT/stats/gem5/i2/4096/t1,0.001341,,,,0.001341,8.28,161944530.0,8791352.0,2.3980815347721824,3216078.0,3216078.0,3216078.0,4058716.0,4058520.0,4914369.0,1.2620079488121867,1.2620079488121867,0.7923880360192731,1.262008,1.262008,1.262008,,,231817.0,5917.0,0.025524443850105903,141321.0,5917.0,242365.0,138249.0,104116.0,0.5704165205372063,2326269.0,1170062.0,1156198.0,84082.0,33642.0,50431.0,0.03614457313406145,420879.0,2760.0,0.0065577042332832,43986.0,,,5878.0,0.13363342881826035,55135.0,8694.0,0.15768568060215835,0.0,0.0,,0.0,0.0,,0.0,0.0,,2333486.0,1177240.0,1156246.0,1177240.0,1156246.0,2978325.0,0.0,3564849.0,1.5667126232634905,97936.0,0.01944763598511641,322.0,6918.0,3934.0,69597.0,84535.0,1307706.0
FFT,gem5,i2,4096,2,binaries/FFT/stats/gem5/i2/4096/t2,0.001093,,,,0.001093,10.19,107287817.0,8801032.0,2.3980815347721824,3834786.0,3834786.0,2620899.0,5198210.0,5197784.0,6077890.0,1.355541091471597,1.9833690653474247,0.7377127895948797,1.5338835,1.047815,2.019952,,,592820.0,6876.0,0.011598798960898755,330966.0,6876.0,608688.0,326500.0,282188.0,0.53639960045212,2545804.0,1367508.0,1178284.0,103527.0,39559.0,63957.0,0.040665738603600274,453170.0,3604.0,0.00795286537061147,47248.0,,,13672.0,0.28936674568235693,60024.0,22146.0,0.36895241903238707,0.0,0.0,,0.0,0.0,,0.0,0.0,,2552120.0,1372316.0,1179804.0,1372316.0,1179804.0,2989300.0,0.0,4377678.0,1.619123205310544,95407.0,0.015376140655900612,263.0,6140.0,4733.0,70076.0,89802.0,1425262.0
FFT,gem5,i2,4096,3,binaries/FFT/stats/gem5/i2/4096/t3,0.001012,,,,0.001012,11.65,86873661.0,8808664.0,2.3980815347721824,4357634.0,4357634.0,2426756.0,6270718.0,6270207.0,7160102.0,1.439018972222082,2.583991962933233,0.6949178706489433,1.6794423333333333,0.962469,2.052459,,,941417.0,7243.0,0.007693721273357078,507876.0,7243.0,959364.0,502769.0,456595.0,0.5240649013304648,2739641.0,1551038.0,1188588.0,108539.0,41369.0,67156.0,0.03961796454352961,475153.0,4066.0,0.008557243666776806,44775.0,,,17058.0,0.3809715242881072,58682.0,27377.0,0.46653147472819606,0.0,0.0,,0.0,0.0,,0.0,0.0,,2746796.0,1556632.0,1190164.0,1556632.0,1190164.0,2994495.0,0.0,5116116.0,1.6767775815958843,96344.0,0.013193889814641351,301.0,8185.0,5574.0,73404.0,107293.0,1505096.0
FFT,gem5,i2,4096,4,binaries/FFT/stats/gem5/i2/4096/t4,0.000953,,,,0.000953,13.04,73064104.0,8817324.0,2.3980815347721824,4770488.0,4770488.0,2284396.0,7272832.0,7272239.0,8163409.0,1.5245467549651104,3.183700199089825,0.6559326545697742,1.7951727499999999,0.908309,2.093546,,,1273461.0,7458.0,0.0058564808816288835,674925.0,7458.0,1294223.0,670671.0,623552.0,0.5182035862444108,2903960.0,1715254.0,1188688.0,117156.0,45479.0,71661.0,0.040343530902629515,469070.0,4537.0,0.009672330355810433,48243.0,,,19967.0,0.4138838795265634,61335.0,30478.0,0.49691041004320535,0.0,0.0,,0.0,0.0,,0.0,0.0,,2909893.0,1719569.0,1190324.0,1719569.0,1190324.0,2999564.0,0.0,5783581.0,1.7430166473534783,98033.0,0.011797188906047886,377.0,7071.0,6218.0,73579.0,104845.0,1502325.0
FFT,gem5,i2,8192,1,binaries/FFT/stats/gem5/i2/8192/t1,0.001829,,,,0.001829,11.32,161579353.0,8790328.0,2.3980815347721824,4386956.0,4386956.0,4386956.0,6233309.0,6232762.0,7202879.0,1.4208733800840492,1.4208733800840492,0.7037924800455103,1.420873,1.420873,1.420873,,,290510.0,7627.0,0.02625382947230732,184376.0,7627.0,304606.0,178249.0,126357.0,0.5851788868242911,2377701.0,1204304.0,1173388.0,346580.0,113450.0,233121.0,0.1457626505603522,603649.0,2557.0,0.00423590530258478,162046.0,,,7188.0,0.04435777495279118,244909.0,10767.0,0.043963267989334816,0.0,0.0,,0.0,0.0,,0.0,0.0,,2382919.0,1209472.0,1173447.0,1209472.0,1173447.0,4934632.0,0.0,3913080.0,1.701375167656115,226310.0,0.0303366725880663,5156.0,2281.0,2362.0,36377.0,169373.0,1847950.0
FFT,gem5,i2,8192,2,binaries/FFT/stats/gem5/i2/8192/t2,0.001411,,,,0.001411,13.51,104426871.0,8796940.0,2.3980815347721824,5046961.0,5046961.0,3383217.0,7459883.0,7459090.0,8462534.0,1.4780940451095224,2.204967343212097,0.676546937800499,1.6247685,1.194252,2.055285,,,670009.0,9090.0,0.013566981936063545,384927.0,9090.0,690386.0,379268.0,311118.0,0.5493564469731426,2619870.0,1415159.0,1204699.0,370563.0,118999.0,251552.0,0.14144327771988688,650150.0,3106.0,0.004777359070983619,167581.0,,,25948.0,0.1548385556835202,254302.0,40057.0,0.1575174398942989,0.0,0.0,,0.0,0.0,,0.0,0.0,,2627713.0,1421464.0,1206249.0,1421464.0,1206249.0,4954080.0,0.0,4805484.0,1.741889029853807,242941.0,0.02765245467168508,4679.0,2140.0,4015.0,37286.0,218548.0,1998321.0
FFT,gem5,i2,8192,3,binaries/FFT/stats/gem5/i2/8192/t3,0.001293,,,,0.001293,15.4,83966354.0,8803544.0,2.3980815347721824,5629131.0,5629131.0,3101911.0,8646154.0,8645259.0,9666549.0,1.5359660309912844,2.7873636606595094,0.651056064927828,1.7505103333333334,1.093507,2.100588,,,1046288.0,9904.0,0.009465844968115854,578064.0,9904.0,1070568.0,572932.0,497636.0,0.5351663789689212,2844100.0,1620509.0,1223576.0,378126.0,123209.0,254903.0,0.1329510214127492,690178.0,3273.0,0.0047422548965629155,165546.0,,,32954.0,0.1990624962246143,251710.0,49680.0,0.19736998927337016,0.0,0.0,,0.0,0.0,,0.0,0.0,,2852092.0,1626900.0,1225192.0,1626900.0,1225192.0,4967811.0,0.0,5640015.0,1.7824726409813523,248509.0,0.024783946169423303,4760.0,2974.0,6486.0,38187.0,255314.0,2122247.0
FFT,gem5,i2,8192,4,binaries/FFT/stats/gem5/i2/8192/t4,0.001209,,,,0.001209,16.88,71660146.0,8811180.0,2.3980815347721824,6020711.0,6020711.0,2900141.0,9708777.0,9707784.0,10733517.0,1.6125632005920896,3.3476913708678304,0.6201307332530143,1.8710347500000002,1.034361,2.152632,,,1392529.0,10321.0,0.007411694837234988,751308.0,10321.0,1418087.0,748848.0,669239.0,0.5280691523157606,3018314.0,1791803.0,1226493.0,387034.0,127143.0,259875.0,0.12822854083438634,685591.0,3449.0,0.005030696143910874,164035.0,,,36610.0,0.2231840765690249,251058.0,55878.0,0.22257008340702147,0.0,0.0,,0.0,0.0,,0.0,0.0,,3025477.0,1797294.0,1228183.0,1797294.0,1228183.0,4981470.0,0.0,6354185.0,1.8473178666107708,260738.0,0.023458496658168737,5075.0,2038.0,8306.0,40991.0,276304.0,2113198.0
FFT,hardware,none,128,1,binaries/FFT/stats/hardware/128/t1,0.00035,0.002579442,0.0007199999999999999,0.288,,,,,0.818,590228.0,,,1138393.0,,,1.928734319618859,,0.5184747270933676,,,,0.001083096,0.000376266,234162.0,2968.0,0.01267498569366507,239597.0,2968.0,,,,,406035.0,265148.0,140887.0,3823.0,,,0.009415444481387073,373962.0,5973.0,0.015972211080270186,25993.0,15110.0,10882.0,6502.0,0.25014426961104913,,,,405700.0,195.0,0.0004806507271382795,326365.0,120.0,0.00036768648598961285,613.0,138.0,0.22512234910277323,405376.0,264752.0,140624.0,268413.0,138693.0,,,,,,,,,,,,
FFT,hardware,none,128,2,binaries/FFT/stats/hardware/128/t2,0.00039,0.001013843,0.00073,0.755,,,,,1.619,1183340.0,,,2458342.0,,,2.077460408673754,,0.4813569470805934,,,,0.001060373,0.000146953,575026.0,3670.0,0.006382320103786612,582658.0,3670.0,,,,,663996.0,501661.0,162335.0,5514.0,,,0.008304266893174055,725307.0,6857.0,0.00945392778506205,31691.0,18171.0,13519.0,8589.0,0.27102331892335363,,,,665075.0,254.0,0.0003819118144570161,582855.0,157.0,0.00026936373540589,729.0,177.0,0.24279835390946503,437016.0,534972.0,162359.0,541792.0,160997.0,,,,,,,,,,,,
FFT,hardware,none,128,3,binaries/FFT/stats/hardware/128/t3,0.00043,0.001187786,0.0010400000000000001,0.914,,,,,1.749,1820466.0,,,4341052.0,,,2.384582848567345,,0.41936056052772464,,,,0.001151543,0.00028795,939191.0,3811.0,0.004057747572112595,948329.0,3811.0,,,,,815709.0,641642.0,174067.0,6314.0,,,0.0077405054988972785,932999.0,7238.0,0.007757778947244317,33660.0,19344.0,14316.0,9424.0,0.27997623291740936,,,,917191.0,288.0,0.0003140022089183169,828715.0,196.0,0.00023651074253512968,816.0,215.0,0.26348039215686275,826511.0,751812.0,173752.0,760770.0,172728.0,,,,,,,,,,,,
FFT,hardware,none,128,4,binaries/FFT/stats/hardware/128/t4,0.00043,0.001279948,0.0011899999999999999,0.977,,,,,1.703,2032137.0,,,4637673.0,,,2.2821655232890303,,0.43818031154848563,,,,0.001103986,0.00066791,15736339.0,3637.0,0.00023112110129300088,15745732.0,3637.0,,,,,1181855.0,1011987.0,169868.0,7199.0,,,0.006091271771917875,1494885.0,7489.0,0.005009749913872974,36301.0,20698.0,15603.0,10643.0,0.2931875154954409,,,,984350.0,326.0,0.0003311830141717885,909929.0,217.0,0.00023848014515418235,904.0,239.0,0.2643805309734513,6781072.0,6602424.0,170548.0,6612939.0,169524.0,,80.0,,,,,,,,,,
FFT,hardware,none,256,1,binaries/FFT/stats/hardware/256/t1,0.00028,0.000938125,0.00047,0.526,,,,,1.437,669838.0,,,1179167.0,,,1.7603763895150768,,0.56806033411722,,,,0.000895663,2.968e-05,234285.0,2993.0,0.012775038948289477,239798.0,2993.0,,,,,414163.0,270284.0,143879.0,3988.0,,,0.009629059090261564,383377.0,6061.0,0.01580950343917345,26081.0,15153.0,10928.0,6593.0,0.2527893869100111,,,,413999.0,199.0,0.0004806774895591535,331509.0,124.0,0.0003740471601072671,616.0,142.0,0.2305194805194805,413476.0,269880.0,143596.0,273065.0,141620.0,,,,,,,,,,,,
FFT,hardware,none,256,2,binaries/FFT/stats/hardware/256/t2,0.00038,0.001030262,0.00073,0.747,,,,,1.606,1178066.0,,,2494016.0,,,2.1170426784237897,,0.4723570337960943,,,,0.001181386,4.652e-05,743418.0,3342.0,0.004495452087520076,750969.0,3342.0,,,,,667037.0,501808.0,165229.0,6426.0,,,0.009633648508253665,728224.0,6871.0,0.009435283648987125,33536.0,18948.0,14588.0,9574.0,0.2854842557251908,,,,667661.0,270.0,0.00040439684210999297,583573.0,165.0,0.00028274097670728424,758.0,176.0,0.23218997361477572,593528.0,447402.0,165467.0,454534.0,164268.0,,,,,,,,,,,,
FFT,hardware,none,256,3,binaries/FFT/stats/hardware/256/t3,0.00042,0.001242742,0.00101,0.849,,,,,1.716,1733730.0,,,3904235.0,,,2.2519279241865804,,0.4440639459458767,,,,0.000840733,0.00062335,1310665.0,3854.0,0.002940492040300153,1320090.0,3854.0,,,,,1026726.0,849589.0,177137.0,7435.0,,,0.0072414646166552715,1248651.0,7272.0,0.005823885136839678,36420.0,20525.0,15894.0,10595.0,0.29091158704008785,,,,906841.0,273.0,0.0003010450564101094,818581.0,189.0,0.00023088735262606877,803.0,205.0,0.25529265255292655,1068182.0,893895.0,176960.0,903373.0,176314.0,,,,,,,,,,,,
FFT,hardware,none,256,4,binaries/FFT/stats/hardware/256/t4,0.00042,0.005506283,0.01274,2.34,,,,,2.308,29404326.0,,,86749965.0,,,2.9502449741578842,,0.33895490332474487,,,,0.019241273,0.003128883,2050119.0,3819.0,0.001862818694914783,2060020.0,3819.0,,,,,15115764.0,14941915.0,173849.0,8934.0,,,0.0005910386004968058,23724853.0,8601.0,0.00036253122411338017,41186.0,23028.0,18157.0,12407.0,0.3012431408731122,,,,1262948.0,304.0,0.00024070666409068306,1185919.0,215.0,0.00018129400068638753,852.0,233.0,0.2734741784037559,13701161.0,13524678.0,174314.0,13613945.0,172749.0,,4458.0,,,,,,,,,,
FFT,hardware,none,512,1,binaries/FFT/stats/hardware/512/t1,0.00031,0.000939789,0.00051,0.571,,,,,1.466,740375.0,,,1296400.0,,,1.7510045585007596,,0.5711007405121876,,,,0.00096596,0.00041511,236004.0,2944.0,0.012474364841273877,241592.0,2944.0,,,,,452979.0,295133.0,157845.0,4110.0,,,0.00907326829720583,414565.0,6130.0,0.014786583527311761,26492.0,15408.0,11084.0,6810.0,0.257058734712366,,,,452779.0,206.0,0.00045496809701863383,348231.0,123.0,0.00035321381496765077,628.0,139.0,0.2213375796178344,452504.0,294841.0,157662.0,297948.0,153973.0,,,,,,,,,,,,
FFT,hardware,none,512,2,binaries/FFT/stats/hardware/512/t2,0.00045,0.001129968,0.0008,0.747,,,,,1.64,1317646.0,,,2691517.0,,,2.0426707932176016,,0.4895551467815362,,,,0.00072571,0.000548,570530.0,3539.0,0.006203004224142464,578825.0,3539.0,,,,,720133.0,540806.0,179327.0,8100.0,,,0.011247922258804971,778353.0,7012.0,0.00900876594552857,38618.0,21044.0,17574.0,11363.0,0.2942410275001295,,,,705290.0,270.0,0.0003828212508329907,598736.0,157.0,0.0002622190748510195,751.0,176.0,0.23435419440745672,5384178.0,5391221.0,180690.0,5400613.0,178369.0,,154.0,,,,,,,,,,
FFT,hardware,none,512,3,binaries/FFT/stats/hardware/512/t3,0.00044,0.001314185,0.00114,0.907,,,,,1.764,2017965.0,,,4605641.0,,,2.282319564511773,,0.4381507373240771,,,,0.00130447,0.000248003,1155699.0,3814.0,0.003300167258083636,1165244.0,3814.0,,,,,1176299.0,985830.0,190469.0,9211.0,,,0.00783049207726947,1441278.0,7374.0,0.005116292623629862,42157.0,23110.0,19047.0,12394.0,0.29399625210522573,,,,1127066.0,290.0,0.00025730525097909085,1025614.0,188.0,0.00018330483008227266,868.0,210.0,0.24193548387096775,1126197.0,925968.0,190527.0,933647.0,187811.0,,,,,,,,,,,,
FFT,hardware,none,512,4,binaries/FFT/stats/hardware/512/t4,0.00044,0.003144961,0.00671,2.17,,,,,2.25,15087458.0,,,43723473.0,,,2.8980013067807713,,0.3450654068582338,,,,0.00444786,0.000331846,2235944.0,3818.0,0.0017075561820868502,2246303.0,3818.0,,,,,1176676.0,989412.0,187263.0,10472.0,,,0.008899646121787137,1455771.0,7663.0,0.0052638773543366366,44518.0,24094.0,20424.0,14143.0,0.3176917202030639,,,,8171306.0,446.0,5.458123829899407e-05,11637131.0,220.0,1.890500330364933e-05,1040.0,241.0,0.23173076923076924,949868.0,1041127.0,188003.0,1050465.0,185576.0,,,,,,,,,,,,
FFT,hardware,none,1024,1,binaries/FFT/stats/hardware/1024/t1,0.0004,0.001555151,0.00065,0.436,,,,,1.502,978572.0,,,1577437.0,,,1.611978474757095,,0.6203556782299388,,,,0.001171573,0.00064604,230480.0,2828.0,0.012270045123221104,235630.0,2828.0,,,,,571324.0,371813.0,199510.0,4291.0,,,0.007510624444273302,481926.0,6204.0,0.012873345700377237,27169.0,15802.0,11367.0,7086.0,0.2608119548014281,,,,570698.0,229.0,0.00040126301476437626,377092.0,120.0,0.00031822473030454105,660.0,138.0,0.20909090909090908,574569.0,371808.0,199449.0,368568.0,189653.0,,,,,,,,,,,,
FFT,hardware,none,1024,2,binaries/FFT/stats/hardware/1024/t2,0.00045,0.001229661,0.00092,0.79,,,,,1.671,1544770.0,,,3215579.0,,,2.081590786977997,,0.4804018187704298,,,,0.000724866,0.000677236,751568.0,3374.0,0.004489281076363017,758822.0,3374.0,,,,,876992.0,659562.0,217430.0,11629.0,,,0.013260098153688973,916428.0,7153.0,0.007805304944851096,47497.0,24735.0,22762.0,13944.0,0.2935764364065099,,,,12757593.0,415.0,3.252964724615372e-05,18536639.0,157.0,8.469712335661282e-06,1030.0,155.0,0.15048543689320387,871898.0,654242.0,217656.0,656781.0,210199.0,,,,,,,,,,,,
FFT,hardware,none,1024,3,binaries/FFT/stats/hardware/1024/t3,0.00048,0.001361626,0.0011899999999999999,0.911,,,,,1.783,2117676.0,,,4781571.0,,,2.257933224912593,,0.44288289350926713,,,,0.000889433,0.00084392,1434615.0,3625.0,0.0025268103289035736,1443395.0,3625.0,,,,,1006960.0,782295.0,224664.0,13533.0,,,0.013439461349010884,1097473.0,7547.0,0.006876706761806441,52267.0,27025.0,25241.0,15770.0,0.3017200145407236,,,,1119632.0,311.0,0.0002777698386612744,937836.0,189.0,0.00020152777244635524,955.0,219.0,0.2293193717277487,941045.0,709782.0,225045.0,712593.0,217262.0,,62.0,,,,,,,,,,
FFT,hardware,none,1024,4,binaries/FFT/stats/hardware/1024/t4,0.00046,0.003437455,0.0072,2.129,,,,,2.244,16153636.0,,,46426789.0,,,2.8740767094170008,,0.34793782529306516,,,,0.003235036,0.0014728,29019999.0,3906.0,0.00013459683441064213,29029540.0,3906.0,,,,,1238668.0,1012846.0,225822.0,15927.0,,,0.012858166998743812,1451315.0,7990.0,0.005505352042802562,58288.0,29760.0,28528.0,18248.0,0.3130661542684601,,,,8479053.0,499.0,5.885091177045361e-05,11868373.0,211.0,1.7778342490584007e-05,1205.0,249.0,0.20663900414937758,8316392.0,8095995.0,225568.0,8137676.0,218587.0,,878.0,,,,,,,,,,
FFT,hardware,none,2048,1,binaries/FFT/stats/hardware/2048/t1,0.00049,0.001035492,0.00065,0.659,,,,,1.694,1100150.0,,,2272246.0,,,2.065396536835886,,0.48416852752738915,,,,0.000938086,0.000153846,233315.0,2656.0,0.011383751580481324,238269.0,2656.0,,,,,902059.0,575775.0,326284.0,8224.0,,,0.009116920290136233,656156.0,6339.0,0.009660812367790586,35943.0,20262.0,15681.0,7656.0,0.21300392287789,,,,901859.0,249.0,0.00027609637426693085,468624.0,122.0,0.00026033664515688485,695.0,144.0,0.20719424460431654,901422.0,575413.0,326009.0,561818.0,306249.0,,,,,,,,,,,,
FFT,hardware,none,2048,2,binaries/FFT/stats/hardware/2048/t2,0.00057,0.001303224,0.0010400000000000001,0.838,,,,,1.736,1808538.0,,,3736151.0,,,2.0658404744605865,,0.48406448240448524,,,,0.00151998,5.02e-05,829202.0,3262.0,0.003933902716105364,836407.0,3262.0,,,,,3038389.0,2694673.0,343715.0,18320.0,,,0.006029511033643157,4085978.0,7815.0,0.0019126387856224386,62129.0,31713.0,30416.0,17416.0,0.28031997939770475,,,,1175420.0,317.0,0.00026969083391468584,752848.0,166.0,0.00022049603638450257,830.0,195.0,0.23493975903614459,1100384.0,756897.0,343486.0,747120.0,325515.0,,,,,,,,,,,,
FFT,hardware,none,2048,3,binaries/FFT/stats/hardware/2048/t3,0.00051,0.001229024,0.00122,1.038,,,,,1.78,2179455.0,,,4650624.0,,,2.1338472232737082,,0.4686371119230452,,,,0.001222566,0.000455746,1005911.0,3320.0,0.003300490798887774,1014128.0,3320.0,,,,,1414603.0,1063787.0,350816.0,20774.0,,,0.014685392297344202,1387344.0,7849.0,0.005657573031634547,68547.0,34498.0,34049.0,21179.0,0.3089704874028039,,,,1351201.0,350.0,0.0002590288195464627,926626.0,190.0,0.0002050449695993853,930.0,221.0,0.23763440860215054,1160614.0,1047459.0,351476.0,1040226.0,334073.0,,,,,,,,,,,,
FFT,hardware,none,2048,4,binaries/FFT/stats/hardware/2048/t4,0.00051,0.001384812,0.00176,1.326,,,,,1.905,3355273.0,,,7815542.0,,,2.329331175138357,,0.4293077818531331,,,,0.001844193,0.000338556,1399128.0,3624.0,0.0025901847436403244,1408682.0,3624.0,,,,,1697585.0,1345348.0,352236.0,24188.0,,,0.014248476512221773,1884367.0,8464.0,0.00449169402775574,79328.0,40057.0,39270.0,24629.0,0.31047045179507865,,,,8749265.0,559.0,6.389108113652975e-05,11875148.0,215.0,1.8105037511953535e-05,1219.0,260.0,0.2132895816242822,8828923.0,8340092.0,363040.0,8393518.0,334399.0,,,,,,,,,,,,
FFT,hardware,none,4096,1,binaries/FFT/stats/hardware/4096/t1,0.00077,0.001490904,0.0009699999999999999,0.675,,,,,1.87,1815619.0,,,4083537.0,,,2.2491155908811264,,0.44461921123770887,,,,0.001437446,0.000893906,239403.0,2871.0,0.011992330923171389,244755.0,2871.0,,,,,1857576.0,1190945.0,666630.0,26671.0,,,0.014357958974491488,1109679.0,6681.0,0.0060206600287110055,73240.0,39078.0,34162.0,8387.0,0.11451392681594758,,,,1858158.0,258.0,0.00013884718091787673,700670.0,126.0,0.00017982787903007122,759.0,149.0,0.1963109354413702,1498044.0,1191397.0,667005.0,1158575.0,635907.0,,8135.0,,,,,,,,,,
FFT,hardware,none,4096,2,binaries/FFT/stats/hardware/4096/t2,0.00066,0.001411138,0.00136,1.0,,,,,1.898,2579726.0,,,5755737.0,,,2.2311427647742437,,0.448200812511065,,,,0.00165344,0.00015777,911667.0,3376.0,0.0037031065070908566,919125.0,3376.0,,,,,2165412.0,1480057.0,685355.0,37036.0,,,0.017103442670494115,1547965.0,7991.0,0.005162261420639355,101846.0,51136.0,50709.0,25681.0,0.2521552147359739,,,,2099735.0,305.0,0.00014525642521556292,953737.0,169.0,0.0001771976970590425,952.0,198.0,0.20798319327731093,1852577.0,1438297.0,685268.0,1410224.0,656240.0,,9345.0,,,,,,,,,,
FFT,hardware,none,4096,3,binaries/FFT/stats/hardware/4096/t3,0.00065,0.001410686,0.00161,1.187,,,,,1.919,3093772.0,,,7006220.0,,,2.2646206637076034,,0.44157505759168286,,,,0.001923086,0.00019206,1125470.0,3544.0,0.003148906678987445,1134071.0,3544.0,,,,,2388352.0,1694880.0,693471.0,39036.0,,,0.016344324454686747,1871614.0,8709.0,0.004653203064307063,110080.0,54282.0,55798.0,31093.0,0.28245821220930234,,,,2400975.0,365.0,0.00015202157456866482,1272995.0,189.0,0.00014846876853404767,1092.0,237.0,0.21703296703296704,2183156.0,1750315.0,693448.0,1723263.0,664791.0,,,,,,,,,,,,
FFT,hardware,none,4096,4,binaries/FFT/stats/hardware/4096/t4,0.00065,0.003263825,0.00715,2.229,,,,,2.244,16049517.0,,,45407776.0,,,2.8292300634343075,,0.35345305174162245,,,,0.003307956,0.001636486,1809745.0,3624.0,0.0020024920637990436,1819245.0,3624.0,,,,,9514720.0,8821285.0,693435.0,42555.0,,,0.004472543595607648,13349706.0,11989.0,0.0008980722122269958,120282.0,60260.0,60021.0,36543.0,0.30381104404649073,,,,2689284.0,378.0,0.0001405578585229377,1547087.0,213.0,0.00013767810084371466,1167.0,281.0,0.24078834618680378,7901363.0,8165418.0,689671.0,8170774.0,665458.0,,,,,,,,,,,,
FFT,hardware,none,8192,1,binaries/FFT/stats/hardware/8192/t1,0.0013,0.002057915,0.0015,0.748,,,,,2.013,3015905.0,,,6257500.0,,,2.074833259005174,,0.481966440271674,,,,0.001072906,0.00084803,297909.0,3431.0,0.011516939736630984,305142.0,3431.0,,,,,1896239.0,1235388.0,660850.0,147367.0,,,0.07771541456535806,1689579.0,6399.0,0.003787334004506448,320708.0,162804.0,157904.0,9610.0,0.02996495254249972,,,,1898484.0,302.0,0.00015907429296217404,1038605.0,134.0,0.00012901921327164803,922.0,156.0,0.16919739696312364,1791449.0,1234780.0,659170.0,1186915.0,623769.0,,,,,,,,,,,,
FFT,hardware,none,8192,2,binaries/FFT/stats/hardware/8192/t2,0.00098,0.001728677,0.00189,1.125,,,,,2.03,3828477.0,,,7823406.0,,,2.0434773409896416,,0.48936192241588894,,,,0.001578003,0.00075179,674865.0,4008.0,0.005938965570891956,684739.0,4008.0,,,,,2215166.0,1525964.0,689202.0,154286.0,,,0.06964985919791113,2145312.0,7401.0,0.003449847854298116,343642.0,170249.0,173393.0,38203.0,0.11117092788425163,,,,2211244.0,368.0,0.00016642215874865008,1362313.0,175.0,0.00012845799753801072,1171.0,219.0,0.1870196413321947,1965679.0,1532183.0,691550.0,1489830.0,656772.0,,,,,,,,,,,,
FFT,hardware,none,8192,3,binaries/FFT/stats/hardware/8192/t3,0.00087,0.001644177,0.00222,1.393,,,,,2.023,4482784.0,,,9433386.0,,,2.104358809168588,,0.47520413136916057,,,,0.002007556,0.00063217,9875011.0,4239.0,0.00042926534461581865,9886341.0,4239.0,,,,,2406706.0,1699853.0,706853.0,155484.0,,,0.06460448430344214,2394995.0,7843.0,0.0032747458762961926,350470.0,170942.0,179527.0,48470.0,0.13829999714668872,,,,2569750.0,420.0,0.00016344002334857478,1729589.0,199.0,0.00011505623590344296,1387.0,271.0,0.19538572458543618,2505716.0,1790096.0,704416.0,1748637.0,670072.0,,7.0,,,,,,,,,,
FFT,hardware,none,8192,4,binaries/FFT/stats/hardware/8192/t4,0.00107,0.003664797,0.00855,2.37,,,,,2.273,19435723.0,,,53904378.0,,,2.7734691423622366,,0.3605592666332223,,,,0.004509106,0.001271356,1900420.0,4220.0,0.0022205617705559825,1912139.0,4220.0,,,,,8414096.0,7714053.0,700043.0,155585.0,,,0.018490994160275803,11903578.0,9015.0,0.0007573353154824541,360237.0,174703.0,185533.0,55313.0,0.15354613768158185,,,,2683501.0,465.0,0.0001732810980879083,1847864.0,231.0,0.0001250091998112415,1597.0,322.0,0.2016280525986224,9755647.0,9040806.0,710626.0,9057606.0,673803.0,,,,,,,,,,,,
GEMM,gem5,i1,64,1,binaries/GEMM/stats/gem5/i1/64/t1,0.000253,,,,0.000253,3.2,79056373.0,8768760.0,2.3980815347721824,2107564.0,2107564.0,606632.0,1382128.0,1234901.0,1758756.0,0.6557940826470751,2.2783631592134936,1.5248688978155425,0.59623575,0.2016,1.776733,,,61700.0,1790.0,0.02901134521880065,39208.0,1790.0,68939.0,40236.0,28703.0,0.5836464120454314,420376.0,331181.0,88982.0,22605.0,15930.0,6468.0,0.05377328867490057,117694.0,1548.0,0.013152752051931279,22784.0,,,19293.0,0.846778441011236,23985.0,20490.0,0.8542839274546592,0.0,0.0,,0.0,0.0,,0.0,0.0,,502411.0,395209.0,107202.0,395209.0,107202.0,1036638.0,0.0,888478.0,0.7753093144502373,7728.0,0.004739476008242567,92.0,2929.0,9261.0,10433.0,23553.0,29914.0
GEMM,gem5,i1,64,2,binaries/GEMM/stats/gem5/i1/64/t2,0.000253,,,,0.000253,3.23,78417838.0,8768764.0,2.3980815347721824,2109984.0,2109984.0,607123.0,1382400.0,1235045.0,1759028.0,0.6551708448974021,2.2769685879138164,1.5263194444444443,0.595817,0.201511,1.775296,,,61732.0,1790.0,0.028996306615693645,39225.0,1790.0,68962.0,40251.0,28711.0,0.5836692671326238,420410.0,331215.0,88982.0,22600.0,15924.0,6469.0,0.05375704669251445,117723.0,1548.0,0.013149511990010448,22801.0,,,19310.0,0.8468926801456077,24002.0,20507.0,0.8543871344054662,0.0,0.0,,0.0,0.0,,0.0,0.0,,502459.0,395241.0,107218.0,395241.0,107218.0,1036638.0,0.0,888590.0,0.7745035033441012,7742.0,0.004747549572708274,94.0,3142.0,9267.0,10979.0,23665.0,29955.0
GEMM,gem5,i1,64,3,binaries/GEMM/stats/gem5/i1/64/t3,0.000253,,,,0.000253,3.2,79181531.0,8767740.0,2.3980815347721824,2109984.0,2109984.0,607123.0,1382400.0,1235045.0,1759028.0,0.6551708448974021,2.2769685879138164,1.5263194444444443,0.595817,0.201511,1.775296,,,61732.0,1790.0,0.028996306615693645,39225.0,1790.0,68962.0,40251.0,28711.0,0.5836692671326238,420410.0,331215.0,88982.0,22600.0,15924.0,6469.0,0.05375704669251445,117723.0,1548.0,0.013149511990010448,22801.0,,,19310.0,0.8468926801456077,24002.0,20507.0,0.8543871344054662,0.0,0.0,,0.0,0.0,,0.0,0.0,,502459.0,395241.0,107218.0,395241.0,107218.0,1036638.0,0.0,888590.0,0.7745035033441012,7742.0,0.004747549572708274,94.0,3142.0,9267.0,10979.0,23665.0,29955.0
GEMM,gem5,i1,64,4,binaries/GEMM/stats/gem5/i1/64/t4,0.000253,,,,0.000253,3.21,78873794.0,8768764.0,2.3980815347721824,2109984.0,2109984.0,607123.0,1382400.0,1235045.0,1759028.0,0.6551708448974021,2.2769685879138164,1.5263194444444443,0.595817,0.201511,1.775296,,,61732.0,1790.0,0.028996306615693645,39225.0,1790.0,68962.0,40251.0,28711.0,0.5836692671326238,420410.0,331215.0,88982.0,22600.0,15924.0,6469.0,0.05375704669251445,117723.0,1548.0,0.013149511990010448,22801.0,,,19310.0,0.8468926801456077,24002.0,20507.0,0.8543871344054662,0.0,0.0,,0.0,0.0,,0.0,0.0,,502459.0,395241.0,107218.0,395241.0,107218.0,1036638.0,0.0,888590.0,0.7745035033441012,7742.0,0.004747549572708274,94.0,3142.0,9267.0,10979.0,23665.0,29955.0
GEMM,gem5,i1,128,1,binaries/GEMM/stats/gem5/i1/128/t1,0.001277,,,,0.001277,17.6,72589079.0,8769788.0,2.3980815347721824,8594212.0,8594212.0,3060763.0,8872476.0,8331936.0,11340859.0,1.0323780702640335,2.8987791606210607,0.9686373905097067,0.7850992499999999,0.202223,2.532367,,,230432.0,4505.0,0.019550236078322455,158969.0,4505.0,244474.0,160842.0,83632.0,0.657910452645271,2611559.0,2274571.0,336775.0,367992.0,146790.0,220995.0,0.14090893600336044,673161.0,1698.0,0.0025224277698797167,345202.0,,,70332.0,0.20374157739526422,346516.0,71641.0,0.20674658601623014,0.0,0.0,,0.0,0.0,,0.0,0.0,,3182742.0,2779703.0,403039.0,2779703.0,403039.0,7746808.0,0.0,5291804.0,1.2657071992173337,62393.0,0.0057430753200466865,380.0,8125.0,34638.0,61678.0,93629.0,34455.0
GEMM,gem5,i1,128,2,binaries/GEMM/stats/gem5/i1/128/t2,0.000696,,,,0.000696,16.6,41924943.0,8770808.0,2.3980815347721824,6353851.0,6353851.0,1668893.0,8744028.0,8278950.0,11217224.0,1.3761776912930441,5.239417985455029,0.7266503492440783,1.35813425,0.297721,2.492082,,,218172.0,3287.0,0.015066094640925507,148975.0,3287.0,230900.0,155641.0,75259.0,0.674062364660026,2600168.0,2258791.0,341164.0,352809.0,119687.0,232915.0,0.135687001762963,659958.0,1766.0,0.0026759278620760714,170868.0,,,87554.0,0.5124072383360254,172238.0,88919.0,0.5162565752040781,0.0,0.0,,0.0,0.0,,0.0,0.0,,3161895.0,2764588.0,397307.0,2764588.0,397307.0,7748418.0,0.0,5258136.0,1.7145010167849388,69005.0,0.006338599623716549,782.0,12513.0,32309.0,94177.0,175232.0,36878.0
GEMM,gem5,i1,128,3,binaries/GEMM/stats/gem5/i1/128/t3,0.000638,,,,0.000638,19.42,32870336.0,8772860.0,2.3980815347721824,5331761.0,5331761.0,1530790.0,11352106.0,10463934.0,14409734.0,2.129147574319254,7.41584802618256,0.4696715305512475,2.04587975,1.155406,2.418779,,,403318.0,8323.0,0.020636321711403904,306797.0,8323.0,418900.0,307887.0,111013.0,0.7349892575793745,3466238.0,3113777.0,352248.0,380360.0,167838.0,212315.0,0.10973279965195697,950157.0,2234.0,0.0023511903822210434,140010.0,,,51843.0,0.370280694236126,141774.0,53601.0,0.37807355368403234,0.0,0.0,,0.0,0.0,,0.0,0.0,,3857872.0,3445377.0,412495.0,3445377.0,412495.0,9234888.0,0.0,7178394.0,2.5811787137495474,201893.0,0.014694882109696331,1126.0,20571.0,26188.0,109503.0,227724.0,52219.0
GEMM,gem5,i1,128,4,binaries/GEMM/stats/gem5/i1/128/t4,0.000415,,,,0.000415,14.75,28140443.0,8771836.0,2.3980815347721824,3661089.0,3661089.0,995626.0,7937612.0,7893132.0,10536888.0,2.168101349079468,7.972483643456479,0.4612330509478165,2.1730115,2.005697,2.236023,,,121542.0,3886.0,0.03197248687696434,105350.0,3886.0,137209.0,114114.0,23095.0,0.8316801376003032,2626455.0,2199698.0,426544.0,435436.0,177473.0,257756.0,0.1657884867625754,560114.0,2054.0,0.003667110623908704,178880.0,,,36905.0,0.20631149373881932,180483.0,38503.0,0.21333311170581162,0.0,0.0,,0.0,0.0,,0.0,0.0,,3134852.0,2704779.0,430073.0,2704779.0,430073.0,7872158.0,0.0,5095856.0,2.904836511759206,89053.0,0.008380335661366421,1416.0,35315.0,6175.0,152267.0,273242.0,44256.0
GEMM,gem5,i1,256,1,binaries/GEMM/stats/gem5/i1/256/t1,0.00916,,,,0.00916,101.05,90641863.0,8771832.0,2.3980815347721824,27494345.0,27494345.0,21961897.0,60464159.0,59889379.0,78173569.0,2.1991489158952504,2.753139175545719,0.45472136642138694,0.82755325,0.202248,2.702073,,,654821.0,16212.0,0.02475791094054711,578683.0,16212.0,679839.0,577736.0,102103.0,0.8498129704238798,17877740.0,16555028.0,1322499.0,1829176.0,630035.0,1198934.0,0.10231584081656854,4237229.0,1699.0,0.00040096959593168084,2953617.0,,,259420.0,0.08783129295369034,2954932.0,260734.0,0.08823688666947327,0.0,0.0,,0.0,0.0,,0.0,0.0,,21919127.0,20530352.0,1388775.0,20530352.0,1388775.0,59816348.0,0.0,34845106.0,2.8421157878101844,333678.0,0.004272666984421075,3296.0,80490.0,90104.0,391378.0,786020.0,45724.0
GEMM,gem5,i1,256,2,binaries/GEMM/stats/gem5/i1/256/t2,0.004674,,,,0.004674,105.05,44496026.0,8772856.0,2.3980815347721824,26009422.0,26009422.0,11209131.0,60605275.0,59978925.0,78318931.0,2.3301277129495612,5.406777296116889,0.4291610259997995,1.4834215,0.299953,2.681253,,,676622.0,19564.0,0.028914223894582203,597546.0,19564.0,707609.0,600885.0,106724.0,0.8491765932881012,17895941.0,16569190.0,1326538.0,1987115.0,773557.0,1213351.0,0.11103718994156273,4255650.0,1880.0,0.00044176565272050096,3028553.0,,,307293.0,0.10146528721802128,3030004.0,308743.0,0.10189524502277884,0.0,0.0,,0.0,0.0,,0.0,0.0,,21940524.0,20544174.0,1396350.0,20544174.0,1396350.0,59817618.0,0.0,34922609.0,3.0131505805857586,387936.0,0.004953777209151514,2997.0,50116.0,90783.0,389782.0,1173447.0,51416.0
GEMM,gem5,i1,256,3,binaries/GEMM/stats/gem5/i1/256/t3,0.003605,,,,0.003605,119.72,30109293.0,8774908.0,2.3980815347721824,26663652.0,26663652.0,8644420.0,68501554.0,67609760.0,88405834.0,2.5690987116093473,7.924366701294014,0.3892415637753269,2.25822375,1.171917,2.638603,,,1104159.0,18769.0,0.01699845764966821,957441.0,18769.0,1127255.0,962936.0,164319.0,0.8542308528238952,20857495.0,19466002.0,1391280.0,3864496.0,2668560.0,1195729.0,0.185280926592575,4620199.0,2214.0,0.0004792001383490192,3022468.0,,,278777.0,0.09223488883918705,3024210.0,280518.0,0.09275744739948615,0.0,0.0,,0.0,0.0,,0.0,0.0,,24332088.0,22893569.0,1438519.0,22893569.0,1438519.0,65757568.0,0.0,41273366.0,3.3276944958627572,580819.0,0.006549668322813254,8967.0,71546.0,103594.0,598458.0,1410712.0,64529.0
GEMM,gem5,i1,256,4,binaries/GEMM/stats/gem5/i1/256/t4,0.00249,,,,0.00249,110.08,22615570.0,8776952.0,2.3980815347721824,23559048.0,23559048.0,5969716.0,60060724.0,59740573.0,78272110.0,2.5493697368416584,10.060901389613845,0.39225381299099893,2.54956975,2.504532,2.573748,,,597928.0,20027.0,0.03349399927750498,583042.0,20027.0,630646.0,586849.0,43797.0,0.9305521639715466,18296920.0,16636956.0,1659751.0,2333441.0,901030.0,1432204.0,0.127531901544085,4130719.0,2073.0,0.0005018496779858421,2953393.0,,,259140.0,0.08774314830434013,2955002.0,260747.0,0.08823919577719407,0.0,0.0,,0.0,0.0,,0.0,0.0,,22274806.0,20610546.0,1664260.0,20610546.0,1664260.0,60311358.0,0.0,35288848.0,3.3448092214931604,461557.0,0.005861823144003868,6615.0,116474.0,55610.0,678104.0,1527266.0,57508.0
GEMM,gem5,i1,512,1,binaries/GEMM/stats/gem5/i1/512/t1,0.080404,,,,0.080404,839.94,95725114.0,8772856.0,2.3980815347721824,198347530.0,198347530.0,192811542.0,466342103.0,465636083.0,600059375.0,2.3511364270581034,2.4186420489287928,0.42532623308944506,0.755144,0.202124,2.412825,,,3489350.0,52727.0,0.015110837261954233,3366929.0,52727.0,3538355.0,3366353.0,172002.0,0.9513892755249261,133922300.0,128661038.0,5261049.0,7463853.0,3624139.0,3839507.0,0.055732712177135546,32246746.0,1678.0,5.2036258170049156e-05,22607225.0,,,9239255.0,0.4086859400036935,22608539.0,9240568.0,0.40872026272905115,0.0,0.0,,0.0,0.0,,0.0,0.0,,165669638.0,160342313.0,5327325.0,160342313.0,5327325.0,469942498.0,0.0,259677103.0,3.3538889896939983,32823204.0,0.04934906821568324,130244.0,1283329.0,403766.0,2763864.0,58594477.0,78753.0
GEMM,gem5,i1,512,2,binaries/GEMM/stats/gem5/i1/512/t2,0.04354,,,,0.04354,959.59,45373087.0,8774908.0,2.3980815347721824,212452968.0,212452968.0,104411543.0,471818596.0,466816326.0,605540572.0,2.220814331009958,4.518835585065532,0.45028527870910795,1.276371,0.296854,2.282135,,,4049463.0,57517.0,0.014203611688759719,3944219.0,57517.0,4126916.0,3950012.0,176904.0,0.9571340923827866,134475010.0,129209383.0,5265414.0,7188210.0,3334880.0,3853123.0,0.05345387221016009,32280448.0,1870.0,5.792980320471389e-05,24222247.0,,,13434381.0,0.554629840906172,24223702.0,13435835.0,0.5546565508442929,0.0,0.0,,0.0,0.0,,0.0,0.0,,166226506.0,160888856.0,5337650.0,160888856.0,5337650.0,469943938.0,0.0,260837651.0,3.3768052701433664,52393306.0,0.07304172640774799,174506.0,2095512.0,450440.0,5282697.0,87805415.0,84550.0
GEMM,gem5,i1,512,3,binaries/GEMM/stats/gem5/i1/512/t3,0.029381,,,,0.029381,890.03,33011512.0,8777980.0,2.3980815347721824,212110526.0,212110526.0,70458812.0,505454641.0,496521045.0,648616521.0,2.3829776415716397,7.173760480094384,0.4196430476538052,2.0817485,1.161541,2.438381,,,5999495.0,74187.0,0.012365540766347834,5860924.0,74187.0,6114029.0,5847507.0,266522.0,0.9564081230232961,147011021.0,141638812.0,5371996.0,16771704.0,12976407.0,3795090.0,0.11408467124379743,35875778.0,2239.0,6.240979638127987e-05,23622347.0,,,1624248.0,0.06875895947172396,23624124.0,1626024.0,0.06882896483272777,0.0,0.0,,0.0,0.0,,0.0,0.0,,175933753.0,170592638.0,5341115.0,170592638.0,5341115.0,492590328.0,0.0,287579830.0,3.0457741875572926,4596248.0,0.007116757259961497,66603.0,2137206.0,579860.0,7465434.0,25837078.0,103052.0
GEMM,gem5,i1,512,4,binaries/GEMM/stats/gem5/i1/512/t4,0.028094,,,,0.028094,1051.52,26717806.0,8779004.0,2.3980815347721824,269161835.0,269161835.0,67370469.0,470401181.0,467178374.0,606092247.0,1.747651857849758,6.982305273843351,0.5721963419135209,1.74765825,1.731078,1.765081,,,3872925.0,58496.0,0.01510382979272772,3811969.0,58496.0,3957334.0,3842947.0,114387.0,0.9710949341147348,136205163.0,129625523.0,6579427.0,9080709.0,3970152.0,5110350.0,0.06666934497923548,32201256.0,2061.0,6.400371463771476e-05,24398505.0,,,14306129.0,0.5863526884126712,24400120.0,14307743.0,0.5863800259998722,0.0,0.0,,0.0,0.0,,0.0,0.0,,167897337.0,161285863.0,6611474.0,161285863.0,6611474.0,471910878.0,0.0,263163902.0,2.7380726245977627,54881635.0,0.07447898635968588,220542.0,6842310.0,467499.0,14821871.0,133016355.0,90414.0
GEMM,gem5,i1,1024,1,binaries/GEMM/stats/gem5/i1/1024/t1,0.608338,,,,0.608338,6062.83,100338981.0,8772860.0,2.3980815347721824,1464381510.0,1464381510.0,1458841702.0,3696164331.0,3694275391.0,4742195624.0,2.5240446603289874,2.533629471883578,0.3961895031879739,0.7850485,0.202076,2.532861,,,24519219.0,369963.0,0.015088694301396794,23850102.0,369963.0,24646262.0,23849606.0,796656.0,0.9676763965261751,1046522742.0,1020252998.0,26269531.0,37222346.0,21885815.0,15336324.0,0.035567641778013075,255504265.0,1676.0,6.559577391007543e-06,177211042.0,,,66269897.0,0.3739603145045555,177212351.0,66271205.0,0.3739649331778235,0.0,0.0,,0.0,0.0,,0.0,0.0,,1300206129.0,1273870322.0,26335807.0,1273870322.0,26335807.0,3735910710.0,0.0,2026220858.0,3.5849903724883827,249663692.0,0.04756453864335284,1144746.0,12565781.0,1844966.0,16415648.0,403363247.0,389783.0
GEMM,gem5,i1,1024,2,binaries/GEMM/stats/gem5/i1/1024/t2,0.338192,,,,0.338192,7217.39,46857856.0,8774908.0,2.3980815347721824,1625622245.0,1625622245.0,811010962.0,3698979869.0,3694970212.0,4745021228.0,2.27542399864244,4.560949287144161,0.4394785326148527,1.28992425,0.299228,2.281711,,,24822995.0,377724.0,0.015216697259939826,24202453.0,377724.0,25011211.0,24207704.0,803507.0,0.9678741265267004,1046892121.0,1020613626.0,26278282.0,39257982.0,23884129.0,15373646.0,0.03749954862827743,255665228.0,1869.0,7.3103410057780714e-06,193380552.0,,,143306095.0,0.7410574306355274,193382009.0,143307551.0,0.7410593764179997,0.0,0.0,,0.0,0.0,,0.0,0.0,,1300499352.0,1274149303.0,26350049.0,1274149303.0,26350049.0,3735914700.0,0.0,2026890253.0,3.7005623991076724,582293285.0,0.09680540182406343,1426116.0,14939007.0,2384538.0,27175818.0,861943574.0,392189.0
GEMM,gem5,i1,1024,3,binaries/GEMM/stats/gem5/i1/1024/t3,0.220448,,,,0.220448,6666.48,33068053.0,8777980.0,2.3980815347721824,1585313837.0,1585313837.0,528648918.0,3863173313.0,3821779889.0,4944437482.0,2.436850813281585,7.307634956702966,0.41036570419070917,2.11901825,1.163215,2.466092,,,35608670.0,435831.0,0.0122394630296498,34184165.0,435831.0,35898785.0,34828308.0,1070477.0,0.9701806899592842,1098290521.0,1071245141.0,27045167.0,80506421.0,65831209.0,14675005.0,0.07330157136082575,261202104.0,2248.0,8.60636252761578e-06,184610710.0,,,22969931.0,0.12442361009282722,184612501.0,22971721.0,0.12443209899420625,0.0,0.0,,0.0,0.0,,0.0,0.0,,1342354608.0,1315236757.0,27117851.0,1315236757.0,27117851.0,3826674650.0,0.0,2135336426.0,3.1858481949274755,94729201.0,0.018760408108911775,993512.0,11709597.0,3199328.0,36288368.0,208825209.0,447952.0
GEMM,gem5,i1,1024,4,binaries/GEMM/stats/gem5/i1/1024/t4,0.237961,,,,0.237961,8130.36,29268141.0,8779004.0,2.3980815347721824,2282267143.0,2282267143.0,570647140.0,3719456530.0,3702649874.0,4773378699.0,1.6297200533285687,6.517962273498821,0.6136023165190749,1.6297205,1.620809,1.647154,,,26783650.0,380446.0,0.014204412020019676,26143605.0,380446.0,26978283.0,26234849.0,743434.0,0.972443242588863,1056383826.0,1024849162.0,31534451.0,42388296.0,22022263.0,20365826.0,0.040125847212658855,255732612.0,2060.0,8.055288623102946e-06,188736633.0,,,146611114.0,0.7768026358719666,188738255.0,146612735.0,0.7768045487121834,0.0,0.0,,0.0,0.0,,0.0,0.0,,1310032885.0,1278406099.0,31626786.0,1278406099.0,31626786.0,3743786000.0,0.0,2042072653.0,2.7530364091124278,586254212.0,0.09331586733678927,2523080.0,33527297.0,2748540.0,59806048.0,1361745768.0,400577.0
GEMM,gem5,i2,64,1,binaries/GEMM/stats/gem5/i2/64/t1,0.000344,,,,0.000344,3.97,86649248.0,8784124.0,2.3980815347721824,2963094.0,2963094.0,824868.0,1561053.0,1329626.0,1937681.0,0.5268320883508927,1.892488252665881,1.8981379876275821,0.496161,0.225572,1.306661,,,82750.0,1816.0,0.021945619335347433,48822.0,1816.0,87852.0,49835.0,38017.0,0.5672608477894641,441110.0,351915.0,88982.0,16084.0,8389.0,7488.0,0.03646256035909411,137267.0,1511.0,0.011007744031704634,31933.0,,,29605.0,0.9270973600977046,34316.0,31008.0,0.9036018183937522,0.0,0.0,,0.0,0.0,,0.0,0.0,,533986.0,416259.0,117727.0,416259.0,117727.0,1036638.0,0.0,962153.0,0.5817726336052788,4808.0,0.002791390580450164,71.0,3817.0,7386.0,9695.0,22563.0,438192.0
GEMM,gem5,i2,64,2,binaries/GEMM/stats/gem5/i2/64/t2,0.000344,,,,0.000344,3.97,86818411.0,8784124.0,2.3980815347721824,2963094.0,2963094.0,824868.0,1561053.0,1329626.0,1937681.0,0.5268320883508927,1.892488252665881,1.8981379876275821,0.496161,0.225572,1.306661,,,82750.0,1816.0,0.021945619335347433,48822.0,1816.0,87852.0,49835.0,38017.0,0.5672608477894641,441110.0,351915.0,88982.0,16084.0,8389.0,7488.0,0.03646256035909411,137267.0,1511.0,0.011007744031704634,31933.0,,,29605.0,0.9270973600977046,34316.0,31008.0,0.9036018183937522,0.0,0.0,,0.0,0.0,,0.0,0.0,,533986.0,416259.0,117727.0,416259.0,117727.0,1036638.0,0.0,962153.0,0.5817726336052788,4808.0,0.002791390580450164,71.0,3817.0,7386.0,9695.0,22563.0,438192.0
GEMM,gem5,i2,64,3,binaries/GEMM/stats/gem5/i2/64/t3,0.000344,,,,0.000344,4.06,84756550.0,8784120.0,2.3980815347721824,2963094.0,2963094.0,824868.0,1561053.0,1329626.0,1937681.0,0.5268320883508927,1.892488252665881,1.8981379876275821,0.496161,0.225572,1.306661,,,82750.0,1816.0,0.021945619335347433,48822.0,1816.0,87852.0,49835.0,38017.0,0.5672608477894641,441110.0,351915.0,88982.0,16084.0,8389.0,7488.0,0.03646256035909411,137267.0,1511.0,0.011007744031704634,31933.0,,,29605.0,0.9270973600977046,34316.0,31008.0,0.9036018183937522,0.0,0.0,,0.0,0.0,,0.0,0.0,,533986.0,416259.0,117727.0,416259.0,117727.0,1036638.0,0.0,962153.0,0.5817726336052788,4808.0,0.002791390580450164,71.0,3817.0,7386.0,9695.0,22563.0,438192.0
GEMM,gem5,i2,64,4,binaries/GEMM/stats/gem5/i2/64/t4,0.000344,,,,0.000344,3.95,87166848.0,8784124.0,2.3980815347721824,2963094.0,2963094.0,824868.0,1561053.0,1329626.0,1937681.0,0.5268320883508927,1.892488252665881,1.8981379876275821,0.496161,0.225572,1.306661,,,82750.0,1816.0,0.021945619335347433,48822.0,1816.0,87852.0,49835.0,38017.0,0.5672608477894641,441110.0,351915.0,88982.0,16084.0,8389.0,7488.0,0.03646256035909411,137267.0,1511.0,0.011007744031704634,31933.0,,,29605.0,0.9270973600977046,34316.0,31008.0,0.9036018183937522,0.0,0.0,,0.0,0.0,,0.0,0.0,,533986.0,416259.0,117727.0,416259.0,117727.0,1036638.0,0.0,962153.0,0.5817726336052788,4808.0,0.002791390580450164,71.0,3817.0,7386.0,9695.0,22563.0,438192.0
GEMM,gem5,i2,128,1,binaries/GEMM/stats/gem5/i2/128/t1,0.001926,,,,0.001926,18.0,107010976.0,8785148.0,2.3980815347721824,9565831.0,9565831.0,4614224.0,8871840.0,8331613.0,11340221.0,0.927451049469722,1.922715498857446,1.078224021172609,0.58972075,0.226044,1.679806,,,230360.0,4346.0,0.018866122590727556,156590.0,4346.0,240196.0,158514.0,81682.0,0.6599360522240171,2610040.0,2273052.0,336775.0,316822.0,95753.0,220862.0,0.12138587914361466,669628.0,1648.0,0.0024610679362272784,303835.0,,,69035.0,0.22721213816709726,315617.0,71274.0,0.2258243377257879,0.0,0.0,,0.0,0.0,,0.0,0.0,,3182636.0,2779636.0,403000.0,2779636.0,403000.0,7746808.0,0.0,5291555.0,1.1352333111467263,39006.0,0.0035948746079424556,243.0,16236.0,17597.0,52446.0,75840.0,2038006.0
GEMM,gem5,i2,128,2,binaries/GEMM/stats/gem5/i2/128/t2,0.001027,,,,0.001027,18.01,57042223.0,8786172.0,2.3980815347721824,8687972.0,8687972.0,2463269.0,8944656.0,8386746.0,11418062.0,1.0295447545180854,3.6312136433333104,0.9713030886822255,0.95678025,0.285521,1.666228,,,241976.0,3097.0,0.012798789962640923,158144.0,3097.0,250711.0,166018.0,84693.0,0.662188735236986,2622863.0,2281300.0,341350.0,281849.0,63472.0,218170.0,0.10745852909587729,680637.0,1821.0,0.0026754349234614045,129555.0,,,92083.0,0.7107637682837405,143059.0,94456.0,0.6602590539567591,0.0,0.0,,0.0,0.0,,0.0,0.0,,3197738.0,2788313.0,409425.0,2788313.0,409425.0,7748418.0,0.0,5342241.0,1.2568935535243437,25544.0,0.002339694859605027,456.0,18706.0,19087.0,91834.0,108006.0,2074649.0
GEMM,gem5,i2,128,3,binaries/GEMM/stats/gem5/i2/128/t3,0.000963,,,,0.000963,21.16,45503419.0,8787192.0,2.3980815347721824,8033138.0,8033138.0,2308635.0,11550868.0,10501584.0,14608499.0,1.437902348994876,5.00333227210018,0.6954575188635175,1.37701225,0.824773,1.677945,,,423104.0,8357.0,0.01975164498563001,324842.0,8357.0,434548.0,325417.0,109131.0,0.7488631865754761,3475755.0,3123289.0,352253.0,295473.0,83425.0,211841.0,0.0850097316985806,945862.0,2165.0,0.0022889174107850827,85490.0,,,46805.0,0.5474909346122353,99316.0,50182.0,0.5052760884449635,0.0,0.0,,0.0,0.0,,0.0,0.0,,3877236.0,3465102.0,412134.0,3465102.0,412134.0,9234888.0,0.0,7216770.0,1.700645501172767,96473.0,0.007063501517833157,1054.0,21986.0,49534.0,77226.0,151898.0,2874699.0
GEMM,gem5,i2,128,4,binaries/GEMM/stats/gem5/i2/128/t4,0.000585,,,,0.000585,16.15,36251543.0,8788216.0,2.3980815347721824,5276970.0,5276970.0,1403904.0,7957561.0,7900906.0,10556819.0,1.5079792001849546,5.668166056938366,0.6631391201399525,1.5098497499999999,1.422421,1.540732,,,123726.0,3681.0,0.02975122447989913,104015.0,3681.0,134476.0,112877.0,21599.0,0.8393839792974211,2627480.0,2200734.0,426533.0,421006.0,138017.0,282782.0,0.16023185714068233,557528.0,1995.0,0.0035782956192334735,210304.0,,,32119.0,0.1527265292148509,226023.0,35268.0,0.15603721745132132,0.0,0.0,,0.0,0.0,,0.0,0.0,,3137722.0,2706979.0,430743.0,2706979.0,430743.0,7872158.0,0.0,5102251.0,2.0070112204541624,59724.0,0.005640840425154121,1078.0,41403.0,3319.0,152762.0,212561.0,1710386.0
GEMM,gem5,i2,256,1,binaries/GEMM/stats/gem5/i2/256/t1,0.014017,,,,0.014017,108.16,129593339.0,8786172.0,2.3980815347721824,38561246.0,38561246.0,33609896.0,60463469.0,59889002.0,78172879.0,1.567985355037542,1.7989781640502547,0.6377610586650263,0.61118525,0.226051,1.76563,,,654740.0,16246.0,0.02481290283165837,575403.0,16246.0,674456.0,574610.0,99846.0,0.8519606912830489,17855699.0,16532989.0,1322497.0,1555683.0,361511.0,1193965.0,0.08712529260265868,4232197.0,1649.0,0.00038963214614064516,2832619.0,,,192850.0,0.06808187052335665,2877976.0,231649.0,0.08049024731269476,0.0,0.0,,0.0,0.0,,0.0,0.0,,21919008.0,20530274.0,1388734.0,20530274.0,1388734.0,59816348.0,0.0,34844810.0,2.0196775280549804,171880.0,0.002207215717954507,2435.0,70097.0,32309.0,372850.0,553381.0,12717677.0
GEMM,gem5,i2,256,2,binaries/GEMM/stats/gem5/i2/256/t2,0.007117,,,,0.007117,111.94,63580295.0,8788220.0,2.3980815347721824,37899772.0,37899772.0,17067119.0,60600874.0,59973941.0,78314530.0,1.5989772708922894,3.550738352501087,0.6253997590859828,1.017416,0.285846,1.755625,,,675958.0,19587.0,0.02897665239556304,593704.0,19587.0,701446.0,596248.0,105198.0,0.8500269443406905,17872886.0,16546133.0,1326540.0,1552314.0,411436.0,1140671.0,0.0868530129940962,4250033.0,1824.0,0.00042917313818504466,2625898.0,,,230024.0,0.08759822354105148,2686562.0,277730.0,0.10337747649226037,0.0,0.0,,0.0,0.0,,0.0,0.0,,21939133.0,20543516.0,1395617.0,20543516.0,1395617.0,59817618.0,0.0,34919095.0,2.0608502077532287,191208.0,0.0024488164975704965,3873.0,83492.0,37394.0,350578.0,703676.0,12775580.0
GEMM,gem5,i2,256,3,binaries/GEMM/stats/gem5/i2/256/t3,0.00539,,,,0.00539,131.29,41052113.0,8790264.0,2.3980815347721824,39879787.0,39879787.0,12925187.0,68781492.0,67678746.0,88685772.0,1.7247206460756674,5.321508462508125,0.5798040408893718,1.52392325,0.828838,1.779804,,,1132845.0,18782.0,0.016579496753748306,981105.0,18782.0,1150928.0,988927.0,162001.0,0.8592431498755787,20854762.0,19463269.0,1391280.0,2230899.0,1047433.0,1183259.0,0.10697312201405128,4619910.0,2133.0,0.0004616973057916713,2535274.0,,,239252.0,0.09436928710664015,2911686.0,262131.0,0.09002722134186172,0.0,0.0,,0.0,0.0,,0.0,0.0,,24363099.0,22922257.0,1440842.0,22922257.0,1440842.0,65757568.0,0.0,41337709.0,2.2146375054611,355292.0,0.004023374645741417,5518.0,85352.0,111262.0,511346.0,990640.0,13892646.0
GEMM,gem5,i2,256,4,binaries/GEMM/stats/gem5/i2/256/t4,0.003717,,,,0.003717,118.27,31428473.0,8791292.0,2.3980815347721824,35316691.0,35316691.0,8913068.0,59847752.0,59697761.0,78059138.0,1.6946024756396345,6.714607360787554,0.590108898325872,1.694657,1.677471,1.704818,,,576613.0,20050.0,0.034772022136164114,558491.0,20050.0,604188.0,561789.0,42399.0,0.9298248227372937,18253602.0,16593638.0,1659751.0,2078209.0,657212.0,1420790.0,0.11385199480080699,4126490.0,2001.0,0.00048491575164364873,2665001.0,,,206493.0,0.07748327298939099,2719136.0,235051.0,0.08644326727313383,0.0,0.0,,0.0,0.0,,0.0,0.0,,22253461.0,20589240.0,1664221.0,20589240.0,1664221.0,60311358.0,0.0,35246117.0,2.220092137171062,263937.0,0.0033673426387648567,6967.0,180452.0,32431.0,596060.0,1099181.0,12410736.0
GEMM,gem5,i2,512,1,binaries/GEMM/stats/gem5/i2/512/t1,0.115038,,,,0.115038,841.81,136655695.0,8787196.0,2.3980815347721824,280824264.0,280824264.0,275866664.0,466341531.0,465635824.0,600058805.0,1.6606169436982838,1.6904598918845808,0.6021858344844693,0.59116325,0.225743,1.686397,,,3489280.0,52745.0,0.015116299064563464,3361257.0,52745.0,3531391.0,3360670.0,170721.0,0.9516561604195061,133877310.0,128616044.0,5261053.0,6609821.0,2785746.0,3823868.0,0.04937222745213509,32213710.0,1638.0,5.084791537516169e-05,22169431.0,,,8858154.0,0.399566141323158,22566382.0,9254384.0,0.4100960446384361,0.0,0.0,,0.0,0.0,,0.0,0.0,,165669535.0,160342245.0,5327290.0,160342245.0,5327290.0,469942498.0,0.0,259676920.0,2.167783176314138,4426506.0,0.007271500574639965,84472.0,1028826.0,300923.0,3395288.0,17627112.0,96637009.0
GEMM,gem5,i2,512,2,binaries/GEMM/stats/gem5/i2/512/t2,0.059003,,,,0.059003,938.42,62874420.0,8790268.0,2.3980815347721824,286786785.0,286786785.0,141493649.0,467276899.0,465898381.0,600998875.0,1.6293529668739792,3.3024584658213176,0.6137405585718887,0.96585575,0.283204,1.650777,,,3594775.0,57557.0,0.01601129417001064,3484216.0,57557.0,3663875.0,3488278.0,175597.0,0.952073419535328,133975963.0,128710336.0,5265414.0,6702193.0,2853978.0,3848008.0,0.05002533924686177,32236204.0,1822.0,5.652030245248479e-05,24242410.0,,,13653312.0,0.5631994508796774,24542702.0,13952225.0,0.5684877321168631,0.0,0.0,,0.0,0.0,,0.0,0.0,,165770112.0,160434181.0,5335931.0,160434181.0,5335931.0,469943938.0,0.0,259923144.0,2.1382563670079846,6106238.0,0.009957979177770396,113195.0,2210918.0,344442.0,5324548.0,22766171.0,96707413.0
GEMM,gem5,i2,512,3,binaries/GEMM/stats/gem5/i2/512/t3,0.04293,,,,0.04293,976.8,43949257.0,8793340.0,2.3980815347721824,309950688.0,309950688.0,102949260.0,505796696.0,496609965.0,648958576.0,1.6318618270013325,4.9130678161261185,0.6127969803899233,1.43341325,0.827663,1.666469,,,6034793.0,74233.0,0.012300836167868558,5878915.0,74233.0,6133127.0,5869645.0,263482.0,0.9570395330147248,146941641.0,141569430.0,5371998.0,7803622.0,4005815.0,3797600.0,0.0531069474036975,35872432.0,2172.0,6.0547888138724465e-05,21542692.0,,,1440726.0,0.06687771426152311,23708832.0,1768413.0,0.07458878615361567,0.0,0.0,,0.0,0.0,,0.0,0.0,,175972731.0,170627962.0,5344769.0,170627962.0,5344769.0,492590328.0,0.0,287661443.0,2.080622073018273,3246972.0,0.00503525748867219,53338.0,1930829.0,501553.0,6782283.0,17905743.0,107619860.0
GEMM,gem5,i2,512,4,binaries/GEMM/stats/gem5/i2/512/t4,0.033379,,,,0.033379,1017.0,32821121.0,8794360.0,2.3980815347721824,319834636.0,319834636.0,80042869.0,468297483.0,466747964.0,603988549.0,1.4641862709328328,5.85058342923715,0.6829732117095321,1.464188,1.459452,1.469344,,,3662036.0,58544.0,0.01598673524782389,3594334.0,58544.0,3736322.0,3623195.0,113127.0,0.9697223633294989,135939269.0,129359629.0,6579427.0,8394137.0,3295149.0,5098781.0,0.06174916977080405,32163850.0,1997.0,6.20883383052713e-05,24102632.0,,,13783367.0,0.5718614879901913,24414084.0,14087099.0,0.5770070669044965,0.0,0.0,,0.0,0.0,,0.0,0.0,,167684724.0,161074978.0,6609746.0,161074978.0,6609746.0,471910878.0,0.0,262736948.0,1.9769275582773342,13144475.0,0.020789427226094767,238600.0,7830909.0,389306.0,13439847.0,53859299.0,96498298.0
GEMM,gem5,i2,1024,1,binaries/GEMM/stats/gem5/i2/1024/t1,0.888459,,,,0.888459,6203.31,143223444.0,8788216.0,2.3980815347721824,2135553903.0,2135553903.0,2130592933.0,3696163695.0,3694275068.0,4742194988.0,1.730775181936487,1.734805198004475,0.577775791123342,0.6030187499999999,0.225505,1.734279,,,24519145.0,369991.0,0.015089881804606155,23847352.0,369991.0,24641931.0,23846762.0,795169.0,0.9677310597128123,1046227880.0,1019958134.0,26269533.0,32599271.0,17284207.0,15314857.0,0.031158862828239677,255262187.0,1632.0,6.39342637928586e-06,174888802.0,,,64840990.0,0.3707555272749824,177499693.0,67408187.0,0.3797650906359596,0.0,0.0,,0.0,0.0,,0.0,0.0,,1300206022.0,1273870252.0,26335770.0,1273870252.0,26335770.0,3735910710.0,0.0,2026220610.0,2.2657177167023725,46332860.0,0.009575836872187687,762891.0,11127519.0,1593835.0,19818392.0,125202103.0,765533054.0
GEMM,gem5,i2,1024,2,binaries/GEMM/stats/gem5/i2/1024/t2,0.45051,,,,0.45051,6901.4,65278121.0,8791292.0,2.3980815347721824,2164500232.0,2164500232.0,1080360849.0,3697789762.0,3694722736.0,4743831121.0,1.708380395313351,3.4227358066730535,0.5853497281655354,0.99814575,0.285207,1.711662,,,24703473.0,377756.0,0.015291615069670568,24060345.0,377756.0,24865857.0,24063928.0,801929.0,0.9677497944269526,1046396286.0,1020117793.0,26278280.0,32029031.0,16720782.0,15308042.0,0.030608892088517983,255290464.0,1810.0,7.089963219307714e-06,186526617.0,,,112264253.0,0.6018672016123039,188295643.0,113954446.0,0.6051889687112941,0.0,0.0,,0.0,0.0,,0.0,0.0,,1300378145.0,1274029781.0,26348364.0,1274029781.0,26348364.0,3735914700.0,0.0,2026646149.0,2.2566315003287096,63893301.0,0.0130810200031838,1116612.0,13201350.0,1661876.0,26967865.0,172051893.0,765621165.0
GEMM,gem5,i2,1024,3,binaries/GEMM/stats/gem5/i2/1024/t3,0.313278,,,,0.313278,7064.93,44342755.0,8793340.0,2.3980815347721824,2254904611.0,2254904611.0,751267001.0,3832359399.0,3812392088.0,4913622552.0,1.6995660837734656,5.101194906602853,0.5883854764739407,1.48175075,0.826762,1.720796,,,32353971.0,435634.0,0.013464622317921964,31469664.0,435634.0,32604320.0,31521721.0,1082599.0,0.966795841778022,1094299214.0,1067254707.0,27044294.0,41146937.0,26305546.0,14841184.0,0.03760117568721931,259952570.0,2132.0,8.201496142161626e-06,174401007.0,,,35457837.0,0.20331211160953905,184931066.0,40106609.0,0.21687329158639035,0.0,0.0,,0.0,0.0,,0.0,0.0,,1338524209.0,1311982451.0,26541758.0,1311982451.0,26541758.0,3826674650.0,0.0,2127098214.0,2.199343904751987,34443631.0,0.006945466960354016,777796.0,11434446.0,2257966.0,38236280.0,148424813.0,779616560.0
GEMM,gem5,i2,1024,4,binaries/GEMM/stats/gem5/i2/1024/t4,0.255458,,,,0.255458,7914.81,32275905.0,8795384.0,2.3980815347721824,2450090172.0,2450090172.0,612607026.0,3759568996.0,3711121517.0,4813491165.0,1.5344614818527584,6.136999473460169,0.6516944294962475,1.53446075,1.510052,1.56405,,,30818956.0,380480.0,0.012345648567719166,30076053.0,380480.0,30988679.0,30247198.0,741481.0,0.9760725199031556,1060108839.0,1028574173.0,31534453.0,40434012.0,20070601.0,20363204.0,0.03814137804769308,255538692.0,1990.0,7.787470399981542e-06,188222801.0,,,155806010.0,0.827774367251075,190275217.0,157852451.0,0.8296006883544902,0.0,0.0,,0.0,0.0,,0.0,0.0,,1314148404.0,1282441417.0,31706987.0,1282441417.0,31706987.0,3743786000.0,0.0,2050383895.0,2.191734412214115,269265710.0,0.05014432763543778,4081174.0,32895430.0,2249521.0,57215087.0,679311638.0,766449342.0
GEMM,hardware,none,64,1,binaries/GEMM/stats/hardware/64/t1,0.0003,0.001804266,0.00218,1.247,,,,,2.006,4374656.0,,,1414765.0,,,0.32340028564531703,,3.0921432181316333,,,,0.002518096,0.00026199,68252.0,1098.0,0.01608744066107953,69787.0,1098.0,,,,,435698.0,358563.0,77134.0,4047.0,,,0.009288543899673627,375256.0,3237.0,0.008626111241392542,38034.0,25611.0,12423.0,3359.0,0.08831571751590682,,,,421657.0,157.0,0.00037234055168063144,213906.0,103.0,0.0004815199199648444,16849.0,148.0,0.008783904089263458,397571.0,356887.0,76626.0,333271.0,61923.0,,,,,,,,,,,,
GEMM,hardware,none,64,2,binaries/GEMM/stats/hardware/64/t2,0.00029,0.001205732,0.00196,1.704,,,,,2.013,3952531.0,,,1387302.0,,,0.3509907955181123,,2.8490775620593065,,,,0.001361506,0.001101023,86922.0,1039.0,0.01195324543843906,88343.0,1039.0,,,,,478105.0,390298.0,87807.0,4169.0,,,0.008719841875738593,420677.0,3295.0,0.007832612669577847,37165.0,26266.0,10898.0,3419.0,0.09199515673348581,,,,420808.0,163.0,0.00038735005037927037,213016.0,106.0,0.0004976152026138882,16827.0,151.0,0.00897367326320794,471702.0,405104.0,92710.0,381541.0,77978.0,,,,,,,,,,,,
GEMM,hardware,none,64,3,binaries/GEMM/stats/hardware/64/t3,0.00029,0.001786114,0.0034300000000000003,1.992,,,,,2.153,7389476.0,,,1722118.0,,,0.23305008365951793,,4.290923153930219,,,,0.00331156,0.000390413,65044.0,1050.0,0.016142918639690057,66474.0,1050.0,,,,,508367.0,413010.0,95356.0,4121.0,,,0.00810634836643606,459478.0,3358.0,0.007308293324163507,34212.0,26458.0,7754.0,3264.0,0.09540512101017187,,,,420015.0,161.0,0.000383319643346071,212420.0,98.0,0.00046135015535260336,17476.0,139.0,0.00795376516365301,422701.0,348816.0,73884.0,325104.0,59152.0,,,,,,,,,,,,
GEMM,hardware,none,64,4,binaries/GEMM/stats/hardware/64/t4,0.00029,0.001249218,0.0020800000000000003,1.755,,,,,1.577,3285062.0,,,1365911.0,,,0.41579458774294065,,2.4050337101026344,,,,0.001730986,0.000876083,91274.0,1066.0,0.011679120012270745,92687.0,1066.0,,,,,442360.0,363578.0,78782.0,4234.0,,,0.00957138981824758,383010.0,3232.0,0.008438421973316623,35998.0,25846.0,10152.0,3271.0,0.09086615923106839,,,,437532.0,159.0,0.000363401991168646,225940.0,106.0,0.0004691511020624945,16411.0,151.0,0.00920114557309122,409599.0,356859.0,76612.0,333364.0,61914.0,,28.0,,,,,,,,,,
GEMM,hardware,none,128,1,binaries/GEMM/stats/hardware/128/t1,0.00149,0.002455176,0.00646,2.691,,,,,2.264,14615490.0,,,8727177.0,,,0.5971183313046637,,1.6747099319745664,,,,0.006914106,0.003623193,250944.0,1320.0,0.0052601377199693955,252574.0,1320.0,,,,,2603001.0,2329130.0,273871.0,30525.0,,,0.01172684912529807,2242929.0,3605.0,0.0016072733465927812,375642.0,196933.0,178709.0,4011.0,0.010677719743798617,,,,2686573.0,216.0,8.03998253537127e-05,1276221.0,109.0,8.540840497061246e-05,35408.0,159.0,0.004490510619069137,2206550.0,2326533.0,272921.0,2143792.0,212216.0,,,,,,,,,,,,
GEMM,hardware,none,128,2,binaries/GEMM/stats/hardware/128/t2,0.00089,0.002784778,0.00508,1.859,,,,,2.183,11079171.0,,,9005226.0,,,0.8128068426780307,,1.2303046031271174,,,,0.00486368,0.00020248,224562.0,1589.0,0.007075996829383422,227027.0,1589.0,,,,,2571373.0,2313929.0,257443.0,28463.0,,,0.011069183661802469,2264868.0,3634.0,0.0016045085188187568,227653.0,144303.0,83349.0,11484.0,0.050445195099559414,,,,2533553.0,249.0,9.828095169116256e-05,1175215.0,112.0,9.530171075079879e-05,81937.0,196.0,0.0023920817213224795,2455379.0,2266934.0,253275.0,2084927.0,192901.0,,,,,,,,,,,,
GEMM,hardware,none,128,3,binaries/GEMM/stats/hardware/128/t3,0.00058,0.001491975,0.00309,2.151,,,,,2.048,6332612.0,,,10943001.0,,,1.7280390777139039,,0.5786906169523333,,,,0.002626656,0.00093401,379595.0,2099.0,0.005529577576100844,382816.0,2099.0,,,,,3372524.0,3096272.0,276251.0,52790.0,,,0.01565296496036796,2829951.0,4119.0,0.0014555022330775338,207454.0,96644.0,110809.0,32718.0,0.15771207110974,,,,3378105.0,284.0,8.407080300937952e-05,1680727.0,115.0,6.842277181243593e-05,1367.0,213.0,0.15581565471836137,3602819.0,3235407.0,270534.0,3102352.0,214663.0,,1189.0,,,,,,,,,,
GEMM,hardware,none,128,4,binaries/GEMM/stats/hardware/128/t4,0.0005,0.001394239,0.00275,2.056,,,,,1.95,5362068.0,,,8721341.0,,,1.6264883250268367,,0.6148215050873483,,,,0.00289667,0.00027189,155855.0,1837.0,0.01178659651599243,159480.0,1837.0,,,,,2636085.0,2362483.0,273601.0,33480.0,,,0.012700652672429,2359392.0,4006.0,0.0016978950509283748,236701.0,142609.0,94092.0,16114.0,0.06807744791952716,,,,2554862.0,295.0,0.00011546611910936873,1195486.0,112.0,9.368574788830651e-05,70158.0,231.0,0.003292568203198495,2501793.0,2234642.0,267150.0,2034985.0,186773.0,,,,,,,,,,,,
GEMM,hardware,none,256,1,binaries/GEMM/stats/hardware/256/t1,0.00984,0.010870616,0.015880000000000002,1.47,,,,,2.317,36806701.0,,,60520998.0,,,1.6442929237260357,,0.6081641449468497,,,,0.01431498,0.002015063,691968.0,2415.0,0.003490045782463929,694119.0,2415.0,,,,,17605212.0,16682598.0,922613.0,87955.0,,,0.004995963695296597,15319504.0,4219.0,0.00027540056127143544,5652697.0,2814603.0,2838094.0,22711.0,0.0040177281747102314,,,,17504014.0,1370.0,7.82677618973568e-05,7833458.0,123.0,1.5701877765860238e-05,77543.0,279.0,0.0035980036882761824,17593800.0,13425320.0,881384.0,15213102.0,652820.0,,212.0,,,,,,,,,,
GEMM,hardware,none,256,2,binaries/GEMM/stats/hardware/256/t2,0.00568,0.006749649,0.01531,2.29,,,,,2.283,34939999.0,,,63578782.0,,,1.8196560910033226,,0.5495543937913123,,,,0.013379046,0.002349093,897974.0,3166.0,0.003525714552982603,901028.0,3166.0,,,,,17701091.0,16783075.0,918015.0,115161.0,,,0.00650587017489487,15598541.0,4334.0,0.0002778464985924004,5801489.0,2930277.0,2871212.0,40044.0,0.006902365927092166,,,,17917467.0,1857.0,0.00010364188196914217,8555649.0,115.0,1.34414116334132e-05,165103.0,325.0,0.0019684681683555115,14161644.0,16518762.0,909798.0,15394060.0,666355.0,,347.0,,,,,,,,,,
GEMM,hardware,none,256,3,binaries/GEMM/stats/hardware/256/t3,0.00405,0.004878948,0.01351,2.805,,,,,2.257,30482928.0,,,69978547.0,,,2.2956635596160577,,0.4356039001495702,,,,0.01230738,0.001528006,1203191.0,2643.0,0.0021966587183580993,1207831.0,2643.0,,,,,21128543.0,20179352.0,949191.0,246712.0,,,0.011676716184357814,18773130.0,4999.0,0.00026628484434934396,6242458.0,3086491.0,3155966.0,110607.0,0.017718501269852357,,,,21797294.0,2462.0,0.00011294980009903982,11437181.0,133.0,1.1628739634355703e-05,6104.0,477.0,0.07814547837483617,19683795.0,20109445.0,949783.0,18751064.0,717537.0,,29847.0,,,,,,,,,,
GEMM,hardware,none,256,4,binaries/GEMM/stats/hardware/256/t4,0.00279,0.008233916,0.022420000000000002,2.745,,,,,2.292,51395720.0,,,119209857.0,,,2.3194510554575363,,0.4311364957010224,,,,0.017280776,0.003079686,3249124.0,3850.0,0.0011849347701103437,3253501.0,3850.0,,,,,18022700.0,17000196.0,1022503.0,130200.0,,,0.007224222785709134,15847731.0,4331.0,0.0002732883338315119,5872664.0,2961392.0,2911271.0,45375.0,0.007726476433863746,,,,19298095.0,1577.0,8.171791049841966e-05,10531906.0,122.0,1.1583848165754612e-05,185175.0,411.0,0.002219522073714054,16450852.0,16858588.0,1016749.0,15389378.0,691964.0,,346.0,,,,,,,,,,
GEMM,hardware,none,512,1,binaries/GEMM/stats/hardware/512/t1,0.07948,0.081012437,0.08608,1.063,,,,,2.367,203716772.0,,,466400342.0,,,2.2894548024744865,,0.4367852114482369,,,,0.08430277,0.002253223,3499176.0,4620.0,0.0013203108388946427,3502631.0,4620.0,,,,,132094629.0,128720834.0,3373794.0,326896.0,,,0.002474710762085565,116862859.0,4521.0,3.868637168974276e-05,43949279.0,21748497.0,22200782.0,357103.0,0.008125343762749782,,,,132040047.0,29602.0,0.00022418955970229245,59393988.0,151.0,2.5423448582034934e-06,47895.0,770.0,0.01607683474266625,131574121.0,127076615.0,3362651.0,116217309.0,2397488.0,,184.0,,,,,,,,,,
GEMM,hardware,none,512,2,binaries/GEMM/stats/hardware/512/t2,0.04091,0.042712099,0.08694,2.039,,,,,2.347,204034161.0,,,476016745.0,,,2.333024737950622,,0.42862811685332625,,,,0.085203753,0.001961703,5332457.0,5873.0,0.001101368468606498,5338108.0,5873.0,,,,,132969116.0,129589863.0,3379253.0,344386.0,,,0.0025899698393121603,119060219.0,5679.0,4.7698551604377615e-05,43986879.0,21769978.0,22216901.0,323154.0,0.007346599880387058,,,,133297164.0,30658.0,0.000229997391392363,61836514.0,160.0,2.5874679804880334e-06,59024.0,1117.0,0.01892450528598536,132450060.0,128256429.0,3471617.0,118329012.0,2392351.0,,345.0,,,,,,,,,,
GEMM,hardware,none,512,3,binaries/GEMM/stats/hardware/512/t3,0.0291,0.032523679,0.09232,2.845,,,,,2.337,215778563.0,,,530720093.0,,,2.4595589368161654,,0.406576961841164,,,,0.088705056,0.005169283,7998773.0,9317.0,0.0011648036517600887,8006148.0,9317.0,,,,,145989097.0,142423890.0,3565207.0,778286.0,,,0.005331124145524374,128774553.0,7058.0,5.48089652464179e-05,45716009.0,22672896.0,23043112.0,574621.0,0.01256936054938654,,,,149020686.0,35560.0,0.0002386245893405698,73898380.0,166.0,2.2463279979885893e-06,47023.0,1509.0,0.03209067902941114,149235825.0,143786209.0,3565983.0,133447915.0,2622097.0,,60772.0,,,,,,,,,,
GEMM,hardware,none,512,4,binaries/GEMM/stats/hardware/512/t4,0.06561,0.063393607,0.24356,3.846,,,,,2.35,572451274.0,,,551559253.0,,,0.9635042807154273,,1.037878108084246,,,,0.243578443,0.00630212,17559863.0,6873.0,0.0003914039648259215,17567637.0,6873.0,,,,,142257058.0,138141154.0,4115903.0,4603347.0,,,0.0323593575230552,136778087.0,8536.0,6.240765744881342e-05,44628820.0,22027348.0,22601472.0,4980094.0,0.1115891928130746,,,,145980625.0,55251.0,0.0003784817334492163,81382794.0,182.0,2.2363449453455725e-06,109989.0,1706.0,0.015510641973288239,143733063.0,139807784.0,4085441.0,130675323.0,2859829.0,,470.0,,,,,,,,,,
GEMM,hardware,none,1024,1,binaries/GEMM/stats/hardware/1024/t1,0.62151,0.637300987,0.64258,1.008,,,,,2.389,1535261641.0,,,3696220451.0,,,2.4075508384306725,,0.4153598686422072,,,,0.640152453,0.002620986,24530604.0,24698.0,0.001006823965687922,24537429.0,24698.0,,,,,1035833345.0,1019997156.0,15836189.0,2363382.0,,,0.002281623787656691,924969633.0,6134.0,6.631569060386656e-06,348196049.0,173187697.0,175008352.0,2500735.0,0.007181974083801278,,,,1035835197.0,226068.0,0.00021824707313937701,469370908.0,156.0,3.3235975502768056e-07,285749.0,3253.0,0.011384116829805179,1039250442.0,1018771186.0,15877020.0,932845230.0,10647122.0,,172.0,,,,,,,,,,
GEMM,hardware,none,1024,2,binaries/GEMM/stats/hardware/1024/t2,0.32151,0.328399358,0.65727,2.002,,,,,2.351,1545180013.0,,,3757814196.0,,,2.4319588425843817,,0.4111911692293793,,,,0.65322318,0.00122653,28987210.0,26108.0,0.0009006730899593303,28999150.0,26108.0,,,,,1042839140.0,1026982532.0,15856608.0,2414392.0,,,0.0023152103784673827,942425859.0,6829.0,7.246193358113277e-06,348281685.0,173245190.0,175036494.0,2652790.0,0.007616794434654237,,,,1039566746.0,231287.0,0.00022248403086183366,476714076.0,170.0,3.5660788837290385e-07,326539.0,6255.0,0.019155445444495146,1041890136.0,1024119331.0,15920264.0,937605282.0,10648374.0,,350.0,,,,,,,,,,
GEMM,hardware,none,1024,3,binaries/GEMM/stats/hardware/1024/t3,0.23849,0.234067958,0.69549,2.972,,,,,2.371,1649178708.0,,,3903985679.0,,,2.3672302219657326,,0.4224346203089645,,,,0.696032873,0.007572063,38192841.0,50358.0,0.0013185193528808187,38210869.0,50358.0,,,,,1090208967.0,1073936910.0,16272057.0,4340785.0,,,0.00398160823419461,977001807.0,11963.0,1.2244603760492329e-05,360085086.0,180083685.0,180001400.0,2847396.0,0.007907564380492005,,,,1085642337.0,304870.0,0.0002808199253194747,495800340.0,212.0,4.275914776500557e-07,2010831.0,10739.0,0.005340578099303223,1094806989.0,1076406754.0,16189542.0,998974595.0,11078728.0,,143559.0,,,,,,,,,,
GEMM,hardware,none,1024,4,binaries/GEMM/stats/hardware/1024/t4,0.51268,0.493592838,1.95292,3.957,,,,,2.38,4648720569.0,,,4104594442.0,,,0.8829514231015506,,1.1325651376009926,,,,1.93270089,0.00051843,66106990.0,29335.0,0.00044375035075715897,66124959.0,29335.0,,,,,1093006338.0,1074054904.0,18951434.0,38208218.0,,,0.034956995830338906,1037837009.0,13483.0,1.2991442666889902e-05,352852461.0,175278625.0,177573835.0,41515563.0,0.1176570028230581,,,,1093380515.0,423005.0,0.0003868781217488589,564053188.0,307.0,5.442749133083528e-07,627758.0,7629.0,0.012152772246630071,1080617764.0,1061051006.0,19064322.0,973205969.0,12217455.0,,583.0,,,,,,,,,,
